,0
0,RFVGTLDV
1,GYGWALDY
2,TGWLGPFDY
3,SRGYYGSFYFDI
4,GLGYYLYSSYYFDI
5,LAIGDSY
6,NLGPSFYFDY
7,VNYDLLTGRANFFDP
8,GDYVFDY
9,YYYTRGYPDGMDY
10,EDVAVYMAIDL
11,MGEFYFDY
12,STYYGGDWYFNV
13,RANYGTSYDYGMDY
14,DPRGYGAALDRLDL
15,FVFFLPYAMDY
16,ERPLTGVMDY
17,YGTYELKSYGSWESLPAFDY
18,AYGDYVHYAMDY
19,SWETARILPGAFDI
20,GSYGTYYGNYFEY
21,PRIAARRGGFGY
22,HGYGAMDY
23,SHYSVWWGWHSVSYYAAFDY
24,SYGAFDY
25,KGRDYGTSHYFDY
26,AGGAGGGVYTLTRLDL
27,SRYRNGLDY
28,TGKYYDFWSGYPPGEEYFQD
29,VQTYYDFWSGYYQQHYYFDY
30,PVVRYFGWFDP
31,EGIYW
32,PPQYYEGSIYRLWFAH
33,PSLYGSFDY
34,APGGSFDY
35,EAGGVLGRVDFQH
36,HYCSGGSCPFDY
37,TSSWGDYTRGPEPKITWYFDL
38,QTNYDFTMDY
39,ESTTYDLLAGPFDY
40,GDSWYAMDY
41,DARGSGSYYPNHFDY
42,DWRRTNYYGMDV
43,ALPRSGYLISPHYYYYALDV
44,IPSGSYYYDYDMDV
45,WGYYGTRGYFNV
46,YYAMDY
47,DPLNYYYYGELNL
48,DIGIDYNF
49,DHYLGSDSYGMDV
50,WGNIYFDY
51,VTGTWYFDV
52,YYIKRWWLMSWEDYSMGLDY
53,GVRFALDY
54,DPFGWAAHGVGLDY
55,SLMVTTGAPFDY
56,APRWYFSV
57,QRYWSKSYFRP
58,DRPDGAATNL
59,AFGSGSYYNGFDY
60,EPGERDPDAVDI
61,NSYSSGYYAMDY
62,WWDYGSSYDYFDY
63,DGSSPYYYSMEY
64,EGDFYANYGRLGFAY
65,DAGAGGVQDYLTL
66,GDYYDDYVYVYALDI
67,EAGSSWYDFDL
68,GGYWYATSYYFDY
69,EFWSAFDL
70,GETPGTFPY
71,PYYAMDY
72,GSGHVNAVKNYGYVMDY
73,NEWETVVVGDLMYEYEY
74,ANWDVAFAY
75,YPNYGAFDI
76,SGYGGSWGGYIADDIDA
77,SSYYGSYYSIDY
78,GTVYFDY
79,AGEGRSWYPGYYYGMDY
80,VSAATLFLDY
81,GYYDILTGSRPIFFDI
82,EEITYAMDY
83,ELLPGYGMDV
84,DGGRTSYTATAHNWFDP
85,GYGYYVFDH
86,WGYGSGGFDY
87,DWAMVGADAFDI
88,GYDYDYALDY
89,PLYDYYAMDY
90,LDWNYNPLRY
91,LEPGYSSTWSVN
92,YYVSLVDI
93,GEQSYDRTGYSDWFDP
94,EPPAMVWFGGGYFDY
95,VYPWWYYKYYHGALDY
96,VSYWDWTWGWSKYEGMDY
97,DPIAAGY
98,DLIHGVTRN
99,YGKLYSLNWVFDY
100,SYGSGSYYRDYYYGMDV
101,DRLDY
102,SYDFWSNAFDI
103,QLTLDV
104,ENNRYRFFDD
105,EGGFAY
106,EKDHYDILTGYNYYYGLDV
107,DVQRMGMDV
108,EYYRWYTAIDY
109,TLGLVLDAMDY
110,GIASAGTPDYFFY
111,AVSGYFPYFDY
112,DYYDILTDYYIHYWYFDL
113,PYGGYFDV
114,YDGIYGELDF
115,GNGYNFDGAYRFFDF
116,DTAAYFDY
117,GPIVGAPTDY
118,GGWFDY
119,VPGYSGGWIDAEDD
120,WISDFFDY
121,DLGIAARRFVSGAFDI
122,FVSLDAFDI
123,AGTLFAY
124,HMGYNDYLAWFAY
125,GGFDTNHYAMDY
126,SRDLLLFPHHALSP
127,RHSDMIGYYYGMDV
128,DPRGATLYYYYYGMDV
129,GRFFDY
130,FNGYWNYIMDY
131,DATTPYWGMMW
132,GIYFYGTTYFDY
133,TFHIRRYRSGYYDKMDH
134,GSHYFGHWHFAV
135,GAGYNFDGAYRFFDF
136,ERYGYYFDY
137,GGPYGDYAHWFEP
138,QVGATWAFDI
139,GGGVFDY
140,YGFAGQPETWYAMDY
141,EGAAVRSFYYSYYGMDV
142,ETGTAWFAY
143,LHYYNSEEFDV
144,RDYRFDMGFDY
145,EGGVNN
146,DQGLNYGSLFDY
147,ELLPYYGMDV
148,LPMVTMSFDY
149,VSIFGVGTFDY
150,ERWHVRGYFDH
151,VGRFASHQLDY
152,DRGIAAGGNYYYYGMDV
153,DYDFWSAYYDAFDV
154,RRIGVPRRDEFDI
155,SWGYFDV
156,KFHFVSGSPFGMDV
157,DYGPGNYDWYFDL
158,SSPGADYGLDY
159,GNYDRAWFAY
160,GFAY
161,ESRVSFEAAMDY
162,GGWHAMDS
163,GRGFHYYYYGMDI
164,TYGIYDLYVDYTEYVMDY
165,DRAAAGLHYYYGMDV
166,GSAYYYDFADY
167,ETVMAGKALDY
168,SHYRPWYKWAYGLDY
169,GSSSWYDLGPFDY
170,KGPSCPHCGDFHWQH
171,DNWQELLFDY
172,VMGGGYDY
173,GYFYTWGGMDY
174,VTTVIAGPVFDY
175,QIDDYYVDALDY
176,DLLVRFLYWSHYYGMDV
177,DNGDYVGEKGFDI
178,RRPGQGYFDF
179,PYLTYPQRRGPQNVSPFDN
180,DSTVSWSGDFFDY
181,GGPDYAMDV
182,DRVTGAFDI
183,HMQVGGAPTGSMAAFDP
184,DDYSTYAFAY
185,LGIGYYYYGMDV
186,NYYGSTYDY
187,GNNYFGHWHFAV
188,SLGRDWFDP
189,GYRSYAMDY
190,WAWPAFDY
191,GYSTYYGDFNI
192,PDSSGVAY
193,VSRGGSYSD
194,ITGTTDL
195,ETWNHLFDY
196,VGPADVWDSFDY
197,TWLLRWVMDL
198,DRTYYSGVYYTEDGLDS
199,YGWGYFDY
200,YPHYYGSSHWYFDV
201,QYDWNSFFDY
202,WGGDGFYAMDY
203,DPAAWPLQQSLAWFDP
204,NDDY
205,EGLGALLRDLYY
206,TPTVTGDWFDP
207,GLGKGSKRGAMDY
208,DWERGDFFDY
209,YYYGIDF
210,RLALVRMWMDY
211,GYGIFDY
212,EGGWFGELAFDY
213,RHWPGGFDY
214,DGEISYDYYYYGMDV
215,RYGPEDIDY
216,ENLYGYYFDY
217,DRLNYYDSSGYYHYKYYGMAV
218,QWGSYAFDS
219,RQLLDDGTGYQWAAFDV
220,SVGAYANDAFDI
221,LGPDDYTLDGMDV
222,DKILWFGEPVFDY
223,EGSSSSGDYYYGMDV
224,MGSDYDVWFDY
225,STTVRPPGI
226,SLAGNAMDY
227,GIVRPFLY
228,RSGSGWFGALDY
229,LIYDGDYISSDF
230,GKYPTWIAY
231,GEGYGREGFAI
232,SIELWWGGFDY
233,SGYDRTWFAH
234,GKNSDYNWDFQH
235,DSGYAMDY
236,LASGFRDY
237,APVWTGYTSLDV
238,GFGTDF
239,HYEIQIGRYGMNVYYLMYRFAS
240,EDFRNRRRLWYVMDY
241,ERPLYASDL
242,ISGSYSFDY
243,DIGGFGEFYWNFGL
244,REVYGRNYYALDY
245,GGPYYYYGMDV
246,SYWRYSVDV
247,DLRLGGGSDY
248,DAGYDYPTHAMHY
249,EHYVSGTSLDN
250,NWDVAY
251,DFGSGVGSIDA
252,DLDIATTRDY
253,DFGYFDGSSPFDY
254,LSTGTFAY
255,GLYGNS
256,HPYWYGGQLDL
257,DTFDH
258,VGTFDV
259,MPNWGSFDY
260,DQAIFGVVPDY
261,TGRSGWMRFPNWFDP
262,GPFSPWVMDY
263,GGAVAGTGVYYFDY
264,GGSFYYYYMDV
265,PDPDAFDI
266,NRYDPPWFVD
267,DRLSITIRPRYYGLDV
268,RETTTVGRYYYAMDY
269,GDFSEFEPFSMDYFHF
270,APQWELVHEAFDI
271,FPYYYGNWDV
272,HYYYYYGMDV
273,DSSSSWARWFFDL
274,ESYYGFTSY
275,YDSGYDYVAVAGPAEYFQH
276,RAAAYYSNPEWFAY
277,GGSVSGTLVDFDI
278,EGPYSYYPSREYYGSDL
279,WWAWPAFDY
280,FYYGTSWFAY
281,DLHMGPEGPFDY
282,VSRGGSFSD
283,YHHPFGYALDY
284,DSLRYGMDV
285,HGWLGPFDY
286,DDDYEEWPWYYGMDV
287,HGSPGYTLYAWDY
288,LGGYDEGDAMDS
289,DGYYPYAMDN
290,LGDYGYAYTMDY
291,RNYDDWYFDV
292,GELPYYRMSKVMDV
293,EVTGDLEDAFDI
294,YYAGSDI
295,VFYGEPYFPY
296,DLRTGPFDY
297,PPVYYDSAWFAY
298,VAIGVSGFLNYYYYMDV
299,LGSDYDVWFDY
300,
301,VPFYYDTRGVFYGNAEGGFEI
302,GRLDYSDTTGYYKPPPLDY
303,VPFYYDSSGYYYGNADDAFDI
304,SYSGYDRIQYYYSGMDV
305,GTEDLGYCSSGSCPNH
306,GGLEPRSVDYYYYGMDV
307,AGLEPRSVDYYFYGLDV
308,GSDPDYDKGWGAYRNTDRPSYDGLDV
309,APAAISYYMDV
310,HRRGHFYGSGSAWDWFES
311,HGNYYYYSGMDV
312,DLVEGGYIPFSYGLDV
313,GQVWSGYYLTHDAFDL
314,GDPHYIWGTYLDS
315,SNSNTWSREYFQH
316,QRSVYSTSRSNWSVFLDD
317,DKGGLRWGSRGSDVFDI
318,DGGDKFHSSGHFETNQGYFDH
319,GMDFGPTDAFDI
320,HVYYSDTNSYTYFFDY
321,EGWVPDYGGRNYYLDF
322,HVTSISSWNRGVYLDS
323,SIAVSGPLYFHH
324,LLDSIVWGEGWYYGMDV
325,AVSDYFNRDLGWEDYYFPF
326,AGSDYFNRDLGWENYYFAS
327,ARSDYFNRDLGWEDYYFEN
328,HMGYQVRETMDV
329,DLTLMYVFDSGWARGAHDYYGMDV
330,VPPYCTSASCPDDYYYHYMDV
331,DDSYDGGGHYGLHNWFDS
332,DKRFITMILVGPFDY
333,HMSMQQVVSAGWERADLVGDAFDV
334,HMSMQQVPSAGWEREDLVGDAFDV
335,HVRSGYPDTAYYFDK
336,GISGSYGWFDP
337,DKKQGEVVLPAASFRWFAP
338,DLQDTPMVDRIIGSYYYYNGLDV
339,GSTGDRHYYYYGMDV
340,GFWGLDGFDI
341,ALLTTVTTFEY
342,GGVENLMLVAVIQEMWYFDL
343,SDSSGFQYGRREF
344,TLRVSGDYVRDFDL
345,APPYCTSASCPDDYYYYYMDV
346,RRSDFETVDFIYHYMDV
347,MLYGDLGGRFDP
348,ALTEWLFQRGTRNHYYYGMDV
349,LNYDILTGYYFFDF
350,DPSFWSSTSRTSPYYYGMDV
351,GSITWPTEYYLDY
352,STAAEFFDY
353,APPYCSSASCPDDYYYFFLDV
354,DLVYTGSYYGMDV
355,DPGLEWELSVLSNWFDP
356,DWVRDIILLPALHLDY
357,HASCSARSCYWGPVDY
358,AENLLSPYLAEGFDP
359,RATYYYGSGSYFDAFDI
360,GFLERLLLGRQGAYYYGMDV
361,HMSMQQVPGSGWERADLVGDAFDV
362,VALFDILTGGWFDP
363,VRTWGDYTTGEEIINSWYFDL
364,APPYCSSTSCPDDYYYYYMDV
365,DRGGLDV
366,ESLWNPDYYYYMDV
367,GSAMIFGIVIILES
368,PSITESHYCLDCAAKDYYYGLDV
369,DLTLMYVHSSGWERGVYYYYGMDV
370,QQDSGYSGPEVSYYSHYGMDV
371,SSNYYGSGSYSPDDYYHMDV
372,PGPVFGIFPPWSYFDN
373,DPSFWAAEYFQH
374,VGGEWGSGRYYLDH
375,SYVDNWHAGLHWFDS
