pdb,heavy_chain,CDR_H3,count_A,count_R,count_N,count_D,count_C,count_Q,count_E,count_G,count_H,count_I,count_L,count_K,count_M,count_F,count_P,count_S,count_T,count_W,count_Y,count_V,mean_hydrophobicity,mean_charge,mean_polarity,mean_mass,cdr_h3_length
9cci,B,TFGTYYDNTEDWFFDF,0.0,0.0,1.0,3.0,0.0,0.0,1.0,1.0,0.0,0.0,0.0,0.0,0.0,4.0,0.0,0.0,3.0,1.0,2.0,0.0,-0.76875,-0.25,8.51875,146.146875,16.0
9ccj,H,LPLGERIDY,0.0,1.0,0.0,1.0,0.0,0.0,1.0,1.0,0.0,1.0,2.0,0.0,0.0,0.0,1.0,0.0,0.0,0.0,1.0,0.0,-0.30000000000000004,-0.1111111111111111,8.222222222222221,135.4811111111111,9.0
9bj2,H,HNGDPYDFWSGYNTWAGGLDV,1.0,0.0,2.0,3.0,0.0,0.0,0.0,4.0,1.0,0.0,1.0,0.0,0.0,1.0,1.0,1.0,1.0,2.0,2.0,1.0,-0.819047619047619,-0.09523809523809523,8.652380952380952,130.08380952380952,21.0
8z6r,E,QGDLGDWILLGY,0.0,0.0,0.0,2.0,0.0,1.0,0.0,3.0,0.0,1.0,3.0,0.0,0.0,0.0,0.0,0.0,0.0,1.0,1.0,0.0,0.1666666666666666,-0.16666666666666666,7.916666666666667,128.97166666666666,12.0
8z6s,E,QGDLGDWILLGY,0.0,0.0,0.0,2.0,0.0,1.0,0.0,3.0,0.0,1.0,3.0,0.0,0.0,0.0,0.0,0.0,0.0,1.0,1.0,0.0,0.1666666666666666,-0.16666666666666666,7.916666666666667,128.97166666666666,12.0
8z6t,B,QGDLGDWILLGY,0.0,0.0,0.0,2.0,0.0,1.0,0.0,3.0,0.0,1.0,3.0,0.0,0.0,0.0,0.0,0.0,0.0,1.0,1.0,0.0,0.1666666666666666,-0.16666666666666666,7.916666666666667,128.97166666666666,12.0
8z6x,B,QGDLGDWILLGY,0.0,0.0,0.0,2.0,0.0,1.0,0.0,3.0,0.0,1.0,3.0,0.0,0.0,0.0,0.0,0.0,0.0,1.0,1.0,0.0,0.1666666666666666,-0.16666666666666666,7.916666666666667,128.97166666666666,12.0
8v5v,b,CGARSYYYDSGDYCAFDI,2.0,1.0,0.0,3.0,2.0,0.0,0.0,2.0,0.0,1.0,0.0,0.0,0.0,1.0,0.0,2.0,0.0,0.0,4.0,0.0,-0.37222222222222223,-0.1111111111111111,8.238888888888889,131.96777777777777,18.0
9c44,H,LKDSRYSGSYYDY,0.0,1.0,0.0,2.0,0.0,0.0,0.0,1.0,0.0,0.0,1.0,1.0,0.0,0.0,0.0,3.0,0.0,0.0,4.0,0.0,-1.5076923076923079,0.0,8.776923076923076,140.98923076923077,13.0
8s6m,H,DYYPLLSYYYGLDV,0.0,0.0,0.0,2.0,0.0,0.0,0.0,1.0,0.0,0.0,3.0,0.0,0.0,0.0,1.0,1.0,0.0,0.0,5.0,1.0,-0.05000000000000005,-0.14285714285714285,7.414285714285714,141.29285714285714,14.0
8wpw,A,DYTRGAWFGESLIGGFDN,1.0,1.0,1.0,2.0,0.0,0.0,1.0,4.0,0.0,1.0,1.0,0.0,0.0,2.0,0.0,1.0,1.0,1.0,1.0,0.0,-0.45000000000000007,-0.1111111111111111,8.577777777777778,128.40944444444443,18.0
9atm,H,DYYPLLSYYYGLDV,0.0,0.0,0.0,2.0,0.0,0.0,0.0,1.0,0.0,0.0,3.0,0.0,0.0,0.0,1.0,1.0,0.0,0.0,5.0,1.0,-0.05000000000000005,-0.14285714285714285,7.414285714285714,141.29285714285714,14.0
9au1,M,DYTRGAWFGESLIGGFDN,1.0,1.0,1.0,2.0,0.0,0.0,1.0,4.0,0.0,1.0,1.0,0.0,0.0,2.0,0.0,1.0,1.0,1.0,1.0,0.0,-0.45000000000000007,-0.1111111111111111,8.577777777777778,128.40944444444443,18.0
8kdm,E,DLFFIPAANSFDY,2.0,0.0,1.0,2.0,0.0,0.0,0.0,0.0,0.0,1.0,1.0,0.0,0.0,3.0,1.0,1.0,0.0,0.0,1.0,0.0,0.46923076923076923,-0.15384615384615385,7.915384615384616,133.52461538461537,13.0
8keo,E,PHCNRTNCHDGFDI,0.0,1.0,2.0,2.0,2.0,0.0,0.0,1.0,2.0,1.0,0.0,0.0,0.0,1.0,1.0,0.0,1.0,0.0,0.0,0.0,-1.092857142857143,0.07142857142857142,9.107142857142858,133.06714285714287,14.0
8kep,H,PHCNRTNCHDGFDI,0.0,1.0,2.0,2.0,2.0,0.0,0.0,1.0,2.0,1.0,0.0,0.0,0.0,1.0,1.0,0.0,1.0,0.0,0.0,0.0,-1.092857142857143,0.07142857142857142,9.107142857142858,133.06714285714287,14.0
8ker,I,GDASPDNIYYYMDV,1.0,0.0,1.0,3.0,0.0,0.0,0.0,1.0,0.0,1.0,0.0,0.0,1.0,0.0,1.0,1.0,0.0,0.0,3.0,1.0,-0.5928571428571429,-0.21428571428571427,8.592857142857143,132.6357142857143,14.0
8sdh,H,GGIAVASGAFDI,3.0,0.0,0.0,1.0,0.0,0.0,0.0,3.0,0.0,2.0,0.0,0.0,0.0,1.0,0.0,1.0,0.0,0.0,0.0,1.0,1.325,-0.08333333333333333,7.916666666666667,106.27916666666665,12.0
8vcr,D,GFLGYCAGGSCFLNWLDP,1.0,0.0,1.0,1.0,2.0,0.0,0.0,4.0,0.0,0.0,3.0,0.0,0.0,2.0,1.0,1.0,0.0,1.0,1.0,0.0,0.5888888888888889,-0.05555555555555555,7.422222222222222,123.69,18.0
8yww,H,DSYYDILTGYSGAFDM,1.0,0.0,0.0,3.0,0.0,0.0,0.0,2.0,0.0,1.0,1.0,0.0,1.0,1.0,0.0,2.0,1.0,0.0,3.0,0.0,-0.16875000000000004,-0.1875,8.23125,130.50875,16.0
8q5y,R,DLGTYDDS,0.0,0.0,0.0,3.0,0.0,0.0,0.0,1.0,0.0,0.0,1.0,0.0,0.0,0.0,0.0,1.0,1.0,0.0,1.0,0.0,-1.2375,-0.375,9.6125,126.36749999999999,8.0
8xse,H,DHLITMVQPEYFHH,0.0,0.0,0.0,1.0,0.0,1.0,1.0,0.0,3.0,1.0,1.0,0.0,1.0,1.0,1.0,0.0,1.0,0.0,1.0,1.0,-0.46428571428571436,0.07142857142857142,8.335714285714285,142.94214285714287,14.0
8xsf,H,QEGTYCSGGSCYSGLDY,0.0,0.0,0.0,1.0,2.0,1.0,1.0,4.0,0.0,0.0,1.0,0.0,0.0,0.0,0.0,3.0,1.0,0.0,3.0,0.0,-0.6058823529411765,-0.11764705882352941,8.382352941176471,122.24058823529413,17.0
8xsi,H,QEGTYCSGGSCYSGLDY,0.0,0.0,0.0,1.0,2.0,1.0,1.0,4.0,0.0,0.0,1.0,0.0,0.0,0.0,0.0,3.0,1.0,0.0,3.0,0.0,-0.6058823529411765,-0.11764705882352941,8.382352941176471,122.24058823529413,17.0
8xsj,H,GGGYSYVVDMGPY,0.0,0.0,0.0,1.0,0.0,0.0,0.0,4.0,0.0,0.0,0.0,0.0,1.0,0.0,1.0,1.0,0.0,0.0,3.0,2.0,-0.08461538461538462,-0.07692307692307693,7.869230769230769,121.59076923076924,13.0
8y6a,C,DYTRGAWFGESLIGGFDN,1.0,1.0,1.0,2.0,0.0,0.0,1.0,4.0,0.0,1.0,1.0,0.0,0.0,2.0,0.0,1.0,1.0,1.0,1.0,0.0,-0.45000000000000007,-0.1111111111111111,8.577777777777778,128.40944444444443,18.0
8c0y,B,DYGDFYFDY,0.0,0.0,0.0,3.0,0.0,0.0,0.0,1.0,0.0,0.0,0.0,0.0,0.0,2.0,0.0,0.0,0.0,0.0,3.0,0.0,-1.0222222222222224,-0.3333333333333333,8.555555555555555,149.81333333333333,9.0
8qh0,H,DLVVYGMDV,0.0,0.0,0.0,2.0,0.0,0.0,0.0,1.0,0.0,0.0,1.0,0.0,1.0,0.0,0.0,0.0,0.0,0.0,1.0,3.0,1.0666666666666667,-0.2222222222222222,7.722222222222222,128.25444444444443,9.0
8qh1,H,DLVVYGMDV,0.0,0.0,0.0,2.0,0.0,0.0,0.0,1.0,0.0,0.0,1.0,0.0,1.0,0.0,0.0,0.0,0.0,0.0,1.0,3.0,1.0666666666666667,-0.2222222222222222,7.722222222222222,128.25444444444443,9.0
8hlc,H,GGWELRSLAGGYYGMDV,1.0,1.0,0.0,1.0,0.0,0.0,1.0,5.0,0.0,0.0,2.0,0.0,1.0,0.0,0.0,1.0,0.0,1.0,2.0,1.0,-0.13529411764705887,-0.058823529411764705,8.076470588235296,124.66294117647058,17.0
8hld,H,SPPDFLGWFDP,0.0,0.0,0.0,2.0,0.0,0.0,0.0,1.0,0.0,0.0,1.0,0.0,0.0,2.0,3.0,1.0,0.0,1.0,0.0,0.0,-0.40909090909090917,-0.18181818181818182,8.081818181818182,132.50272727272727,11.0
8p5m,G,DLGTYDDS,0.0,0.0,0.0,3.0,0.0,0.0,0.0,1.0,0.0,0.0,1.0,0.0,0.0,0.0,0.0,1.0,1.0,0.0,1.0,0.0,-1.2375,-0.375,9.6125,126.36749999999999,8.0
8v4f,B,DYGDFYFDY,0.0,0.0,0.0,3.0,0.0,0.0,0.0,1.0,0.0,0.0,0.0,0.0,0.0,2.0,0.0,0.0,0.0,0.0,3.0,0.0,-1.0222222222222224,-0.3333333333333333,8.555555555555555,149.81333333333333,9.0
8x0y,E,MRGIFDY,0.0,1.0,0.0,1.0,0.0,0.0,0.0,1.0,0.0,1.0,0.0,0.0,1.0,1.0,0.0,0.0,0.0,0.0,1.0,0.0,-0.07142857142857148,0.0,7.828571428571428,144.16142857142856,7.0
8c2r,F,DYGDFYFDY,0.0,0.0,0.0,3.0,0.0,0.0,0.0,1.0,0.0,0.0,0.0,0.0,0.0,2.0,0.0,0.0,0.0,0.0,3.0,0.0,-1.0222222222222224,-0.3333333333333333,8.555555555555555,149.81333333333333,9.0
8xi6,D,PPLGSNLFAVGYHFDY,1.0,0.0,1.0,1.0,0.0,0.0,0.0,2.0,1.0,0.0,2.0,0.0,0.0,2.0,2.0,1.0,0.0,0.0,2.0,1.0,0.09999999999999994,0.0,7.8,129.200625,16.0
8khc,F,GVDIVVMMYADDAFDI,2.0,0.0,0.0,4.0,0.0,0.0,0.0,1.0,0.0,2.0,0.0,0.0,2.0,1.0,0.0,0.0,0.0,0.0,1.0,3.0,1.00625,-0.25,8.00625,127.765,16.0
8vye,B,LKDSRYSGSYYDY,0.0,1.0,0.0,2.0,0.0,0.0,0.0,1.0,0.0,0.0,1.0,1.0,0.0,0.0,0.0,3.0,0.0,0.0,4.0,0.0,-1.5076923076923079,0.0,8.776923076923076,140.98923076923077,13.0
8r1c,H,LDNCSAGYCHAFDI,2.0,0.0,1.0,2.0,2.0,0.0,0.0,1.0,1.0,1.0,1.0,0.0,0.0,1.0,0.0,1.0,0.0,0.0,1.0,0.0,0.24999999999999997,-0.07142857142857142,8.207142857142857,125.91714285714285,14.0
8sdf,H,DNERYQMQNYYHYYGMDV,0.0,1.0,2.0,2.0,0.0,2.0,1.0,1.0,1.0,0.0,0.0,0.0,2.0,0.0,0.0,0.0,0.0,0.0,5.0,1.0,-1.7277777777777779,-0.05555555555555555,8.927777777777777,149.76777777777778,18.0
8sdg,G,VPVLEYYQYGMDV,0.0,0.0,0.0,1.0,0.0,1.0,1.0,1.0,0.0,0.0,1.0,0.0,1.0,0.0,1.0,0.0,0.0,0.0,3.0,3.0,0.14615384615384613,-0.15384615384615385,7.6692307692307695,137.8446153846154,13.0
8siq,H,GVVGYYDMLTGPPDNWLDA,1.0,0.0,1.0,3.0,0.0,0.0,0.0,3.0,0.0,0.0,2.0,0.0,1.0,0.0,2.0,0.0,1.0,1.0,2.0,2.0,-0.15263157894736845,-0.15789473684210525,8.178947368421053,126.71368421052631,19.0
8sit,H,AGRDYYDRSGYQRFPGFDY,1.0,3.0,0.0,3.0,0.0,1.0,0.0,3.0,0.0,0.0,0.0,0.0,0.0,2.0,1.0,1.0,0.0,0.0,4.0,0.0,-1.5210526315789474,0.0,8.868421052631579,139.87947368421052,19.0
8cin,E,DSVWYTGSYGLIY,0.0,0.0,0.0,1.0,0.0,0.0,0.0,2.0,0.0,1.0,1.0,0.0,0.0,0.0,0.0,2.0,1.0,1.0,3.0,1.0,0.08461538461538459,-0.07692307692307693,7.538461538461538,133.83307692307693,13.0
8cbf,A,VSQWALILF,1.0,0.0,0.0,0.0,0.0,1.0,0.0,0.0,0.0,1.0,2.0,0.0,0.0,1.0,0.0,1.0,0.0,1.0,0.0,1.0,1.7444444444444445,0.0,6.588888888888889,135.6011111111111,9.0
8hp9,H,FFSHYDSSNYYYGSWFDP,0.0,0.0,1.0,2.0,0.0,0.0,0.0,1.0,1.0,0.0,0.0,0.0,0.0,3.0,1.0,4.0,0.0,1.0,4.0,0.0,-0.9222222222222223,-0.05555555555555555,8.2,143.8111111111111,18.0
8hpq,H,FFSHYDSSNYYYGSWFDP,0.0,0.0,1.0,2.0,0.0,0.0,0.0,1.0,1.0,0.0,0.0,0.0,0.0,3.0,1.0,4.0,0.0,1.0,4.0,0.0,-0.9222222222222223,-0.05555555555555555,8.2,143.8111111111111,18.0
8hpv,M,ESGGFPLAEGAFDI,2.0,0.0,0.0,1.0,0.0,0.0,2.0,3.0,0.0,1.0,1.0,0.0,0.0,2.0,1.0,1.0,0.0,0.0,0.0,0.0,0.24285714285714283,-0.21428571428571427,8.464285714285714,117.40642857142858,14.0
8tm1,H,GTIYFDRSGYRRVDPFHI,0.0,3.0,0.0,2.0,0.0,0.0,0.0,2.0,1.0,2.0,0.0,0.0,0.0,2.0,1.0,1.0,1.0,0.0,2.0,1.0,-0.6333333333333333,0.1111111111111111,8.377777777777778,139.205,18.0
7y3o,H,AQTPTLWWLQDAFDI,2.0,0.0,0.0,2.0,0.0,2.0,0.0,0.0,0.0,1.0,2.0,0.0,0.0,1.0,1.0,0.0,2.0,2.0,0.0,0.0,-0.02000000000000003,-0.13333333333333333,7.96,137.14733333333334,15.0
8hpf,H,FFSHYDSSNYYYGSWFDP,0.0,0.0,1.0,2.0,0.0,0.0,0.0,1.0,1.0,0.0,0.0,0.0,0.0,3.0,1.0,4.0,0.0,1.0,4.0,0.0,-0.9222222222222223,-0.05555555555555555,8.2,143.8111111111111,18.0
8hpu,H,FFSHYDSSNYYYGSWFDP,0.0,0.0,1.0,2.0,0.0,0.0,0.0,1.0,1.0,0.0,0.0,0.0,0.0,3.0,1.0,4.0,0.0,1.0,4.0,0.0,-0.9222222222222223,-0.05555555555555555,8.2,143.8111111111111,18.0
8hq7,M,ESGGFPLAEGAFDI,2.0,0.0,0.0,1.0,0.0,0.0,2.0,3.0,0.0,1.0,1.0,0.0,0.0,2.0,1.0,1.0,0.0,0.0,0.0,0.0,0.24285714285714283,-0.21428571428571427,8.464285714285714,117.40642857142858,14.0
8hrd,O,FGAGMTGMPRYFDTTRWFDP,1.0,2.0,0.0,2.0,0.0,0.0,0.0,3.0,0.0,0.0,0.0,0.0,2.0,3.0,2.0,0.0,3.0,1.0,1.0,0.0,-0.535,0.0,8.125,134.79649999999998,20.0
8hws,H,DLGPYGMDV,0.0,0.0,0.0,2.0,0.0,0.0,0.0,2.0,0.0,0.0,1.0,0.0,1.0,0.0,1.0,0.0,0.0,0.0,1.0,1.0,-0.08888888888888892,-0.2222222222222222,8.3,123.35444444444445,9.0
8hwt,H,DLGPYGMDV,0.0,0.0,0.0,2.0,0.0,0.0,0.0,2.0,0.0,0.0,1.0,0.0,1.0,0.0,1.0,0.0,0.0,0.0,1.0,1.0,-0.08888888888888892,-0.2222222222222222,8.3,123.35444444444445,9.0
8hes,H,DGGYNILTAYYHAPSY,2.0,0.0,1.0,1.0,0.0,0.0,0.0,2.0,1.0,1.0,1.0,0.0,0.0,0.0,1.0,1.0,1.0,0.0,4.0,0.0,-0.4625,0.0,8.11875,129.69625,16.0
8hgl,H,PNCTGGSCYDGFNL,0.0,0.0,2.0,1.0,2.0,0.0,0.0,3.0,0.0,0.0,1.0,0.0,0.0,1.0,1.0,1.0,1.0,0.0,1.0,0.0,-0.3214285714285715,-0.07142857142857142,8.307142857142857,120.12428571428572,14.0
8h7l,D,VSYPLTKYYYGMDV,0.0,0.0,0.0,1.0,0.0,0.0,0.0,1.0,0.0,0.0,1.0,1.0,1.0,0.0,1.0,1.0,1.0,0.0,4.0,2.0,-0.14285714285714285,0.0,7.5928571428571425,138.08142857142857,14.0
8gf2,C,DFGDFYFDY,0.0,0.0,0.0,3.0,0.0,0.0,0.0,1.0,0.0,0.0,0.0,0.0,0.0,3.0,0.0,0.0,0.0,0.0,2.0,0.0,-0.5666666666666668,-0.3333333333333333,8.444444444444445,148.03555555555556,9.0
8el2,H,GHTYNWNYAYCDY,1.0,0.0,2.0,1.0,1.0,0.0,0.0,1.0,1.0,0.0,0.0,0.0,0.0,0.0,0.0,0.0,1.0,1.0,4.0,0.0,-1.276923076923077,0.0,8.307692307692308,145.07076923076923,13.0
7yd1,A,LTAADTIFDC,2.0,0.0,0.0,2.0,1.0,0.0,0.0,0.0,0.0,1.0,1.0,0.0,0.0,1.0,0.0,0.0,2.0,0.0,0.0,0.0,0.8800000000000001,-0.2,8.02,123.13,10.0
8cim,D,DQHIYDSSGHGGLWFDP,0.0,0.0,0.0,3.0,0.0,1.0,0.0,3.0,2.0,1.0,1.0,0.0,0.0,1.0,1.0,2.0,0.0,1.0,1.0,0.0,-0.9352941176470588,-0.058823529411764705,8.858823529411765,130.5435294117647,17.0
8e1g,H,DRGPWLHDY,0.0,1.0,0.0,2.0,0.0,0.0,0.0,1.0,1.0,0.0,1.0,0.0,0.0,0.0,1.0,0.0,0.0,1.0,1.0,0.0,-1.677777777777778,0.0,8.933333333333334,144.70555555555555,9.0
8eoo,A,LAWLRGYFDY,1.0,1.0,0.0,1.0,0.0,0.0,0.0,1.0,0.0,0.0,2.0,0.0,0.0,1.0,0.0,0.0,0.0,1.0,2.0,0.0,0.029999999999999936,0.0,7.340000000000001,146.56,10.0
7xeg,C,VLPMYGDYLDY,0.0,0.0,0.0,2.0,0.0,0.0,0.0,1.0,0.0,0.0,2.0,0.0,1.0,0.0,1.0,0.0,0.0,0.0,3.0,1.0,0.07272727272727268,-0.18181818181818182,7.545454545454546,138.97,11.0
7xei,C,VLPMYGDYLDY,0.0,0.0,0.0,2.0,0.0,0.0,0.0,1.0,0.0,0.0,2.0,0.0,1.0,0.0,1.0,0.0,0.0,0.0,3.0,1.0,0.07272727272727268,-0.18181818181818182,7.545454545454546,138.97,11.0
8h07,E,GSGGIHDAFDI,1.0,0.0,0.0,2.0,0.0,0.0,0.0,3.0,1.0,2.0,0.0,0.0,0.0,1.0,0.0,1.0,0.0,0.0,0.0,0.0,0.12727272727272723,-0.09090909090909091,8.754545454545454,115.29818181818182,11.0
7xsc,A,HPYGDHA,1.0,0.0,0.0,1.0,0.0,0.0,0.0,1.0,2.0,0.0,0.0,0.0,0.0,0.0,1.0,0.0,0.0,0.0,1.0,0.0,-1.6285714285714286,0.14285714285714285,9.299999999999999,129.12857142857143,7.0
8cwi,H,EATAGFDY,2.0,0.0,0.0,1.0,0.0,0.0,1.0,1.0,0.0,0.0,0.0,0.0,0.0,1.0,0.0,0.0,1.0,0.0,1.0,0.0,-0.375,-0.25,8.8125,124.8725,8.0
8cwk,H,EATAGFDY,2.0,0.0,0.0,1.0,0.0,0.0,1.0,1.0,0.0,0.0,0.0,0.0,0.0,1.0,0.0,0.0,1.0,0.0,1.0,0.0,-0.375,-0.25,8.8125,124.8725,8.0
8bse,H,EPYGDKA,1.0,0.0,0.0,1.0,0.0,0.0,1.0,1.0,0.0,0.0,0.0,1.0,0.0,0.0,1.0,0.0,0.0,0.0,1.0,0.0,-1.7714285714285716,-0.14285714285714285,9.700000000000001,126.7,7.0
8bsf,H,HPIHGYGSGSLYNPDY,0.0,0.0,1.0,1.0,0.0,0.0,0.0,3.0,2.0,1.0,1.0,0.0,0.0,0.0,2.0,2.0,0.0,0.0,3.0,0.0,-0.9375000000000001,0.0625,8.46875,127.94375,16.0
8hn6,A,DLSYYGMDV,0.0,0.0,0.0,2.0,0.0,0.0,0.0,1.0,0.0,0.0,1.0,0.0,1.0,0.0,0.0,1.0,0.0,0.0,2.0,1.0,-0.10000000000000003,-0.2222222222222222,8.122222222222222,134.03,9.0
8hn7,B,ALRYSTSWYDY,1.0,1.0,0.0,1.0,0.0,0.0,0.0,0.0,0.0,0.0,1.0,0.0,0.0,0.0,0.0,2.0,1.0,1.0,3.0,0.0,-0.8636363636363636,0.0,7.954545454545454,145.87818181818182,11.0
7xsa,B,HRIGYIFDY,0.0,1.0,0.0,1.0,0.0,0.0,0.0,1.0,1.0,2.0,0.0,0.0,0.0,1.0,0.0,0.0,0.0,0.0,2.0,0.0,-0.2666666666666667,0.1111111111111111,7.877777777777778,147.49333333333334,9.0
8a99,R,SAYYSESSGYYLDY,1.0,0.0,0.0,1.0,0.0,0.0,1.0,1.0,0.0,0.0,1.0,0.0,0.0,0.0,0.0,4.0,0.0,0.0,5.0,0.0,-0.8214285714285714,-0.14285714285714285,8.221428571428572,135.84785714285712,14.0
8gs9,H,SLGDRFDF,0.0,1.0,0.0,2.0,0.0,0.0,0.0,1.0,0.0,0.0,1.0,0.0,0.0,2.0,0.0,1.0,0.0,0.0,0.0,0.0,-0.4125000000000001,-0.125,8.75,135.26375,8.0
7xik,H,EAYGMDV,1.0,0.0,0.0,1.0,0.0,0.0,1.0,1.0,0.0,0.0,0.0,0.0,1.0,0.0,0.0,0.0,0.0,0.0,1.0,1.0,-0.11428571428571428,-0.2857142857142857,8.6,127.42,7.0
7xil,H,EAYGMDV,1.0,0.0,0.0,1.0,0.0,0.0,1.0,1.0,0.0,0.0,0.0,0.0,1.0,0.0,0.0,0.0,0.0,0.0,1.0,1.0,-0.11428571428571428,-0.2857142857142857,8.6,127.42,7.0
7xs8,A,DLQVYGMDV,0.0,0.0,0.0,2.0,0.0,1.0,0.0,1.0,0.0,0.0,1.0,0.0,1.0,0.0,0.0,0.0,0.0,0.0,1.0,2.0,0.2111111111111111,-0.2222222222222222,8.233333333333333,131.47666666666666,9.0
7wn2,H,EFDLTKIIMVPPY,0.0,0.0,0.0,1.0,0.0,0.0,1.0,0.0,0.0,2.0,1.0,1.0,1.0,1.0,2.0,0.0,1.0,0.0,1.0,1.0,0.43076923076923074,-0.07692307692307693,7.653846153846154,137.08076923076922,13.0
7wnb,H,DLVVYGLDY,0.0,0.0,0.0,2.0,0.0,0.0,0.0,1.0,0.0,0.0,2.0,0.0,0.0,0.0,0.0,0.0,0.0,0.0,2.0,2.0,0.6666666666666666,-0.2222222222222222,7.666666666666667,133.36555555555555,9.0
7xj6,E,GTEYGDYDVSHD,0.0,0.0,0.0,3.0,0.0,0.0,1.0,2.0,1.0,0.0,0.0,0.0,0.0,0.0,0.0,1.0,1.0,0.0,2.0,1.0,-1.4916666666666665,-0.25,9.65,129.6225,12.0
7xj8,G,GTEYGDYDVSHD,0.0,0.0,0.0,3.0,0.0,0.0,1.0,2.0,1.0,0.0,0.0,0.0,0.0,0.0,0.0,1.0,1.0,0.0,2.0,1.0,-1.4916666666666665,-0.25,9.65,129.6225,12.0
7xj9,G,GTEYGDYDVSHD,0.0,0.0,0.0,3.0,0.0,0.0,1.0,2.0,1.0,0.0,0.0,0.0,0.0,0.0,0.0,1.0,1.0,0.0,2.0,1.0,-1.4916666666666665,-0.25,9.65,129.6225,12.0
7zjl,j,GSDYGDYLLVY,0.0,0.0,0.0,2.0,0.0,0.0,0.0,2.0,0.0,0.0,2.0,0.0,0.0,0.0,0.0,1.0,0.0,0.0,3.0,1.0,-0.06363636363636367,-0.18181818181818182,7.954545454545454,131.31727272727272,11.0
8i5h,H,DLVVYGLDY,0.0,0.0,0.0,2.0,0.0,0.0,0.0,1.0,0.0,0.0,2.0,0.0,0.0,0.0,0.0,0.0,0.0,0.0,2.0,2.0,0.6666666666666666,-0.2222222222222222,7.666666666666667,133.36555555555555,9.0
7x93,E,DAEGGWVAALDY,3.0,0.0,0.0,2.0,0.0,0.0,1.0,2.0,0.0,0.0,1.0,0.0,0.0,0.0,0.0,0.0,0.0,1.0,1.0,1.0,-0.008333333333333331,-0.25,8.583333333333334,122.04,12.0
7x94,H,IPIRDYDYDGSGYYYFLDY,0.0,1.0,0.0,4.0,0.0,0.0,0.0,2.0,0.0,2.0,1.0,0.0,0.0,1.0,1.0,1.0,0.0,0.0,6.0,0.0,-0.7315789473684211,-0.15789473684210525,8.178947368421053,143.30526315789473,19.0
7x95,H,TQSLWFGQFYYIYGMDV,0.0,0.0,0.0,1.0,0.0,2.0,0.0,2.0,0.0,1.0,1.0,0.0,1.0,2.0,0.0,1.0,1.0,1.0,3.0,1.0,0.14117647058823526,-0.058823529411764705,7.405882352941177,141.5664705882353,17.0
7x96,H,HIVVLDRWFDP,0.0,1.0,0.0,2.0,0.0,0.0,0.0,0.0,1.0,1.0,1.0,0.0,0.0,1.0,1.0,0.0,0.0,1.0,0.0,2.0,0.20909090909090908,0.0,7.945454545454546,143.3409090909091,11.0
8bbo,H,GGTDDYVDY,0.0,0.0,0.0,3.0,0.0,0.0,0.0,2.0,0.0,0.0,0.0,0.0,0.0,0.0,0.0,0.0,1.0,0.0,2.0,1.0,-1.1555555555555557,-0.3333333333333333,9.322222222222223,127.56555555555555,9.0
8bcz,H,PIVGGIAGMDV,1.0,0.0,0.0,1.0,0.0,0.0,0.0,3.0,0.0,2.0,0.0,0.0,1.0,0.0,1.0,0.0,0.0,0.0,0.0,2.0,1.3454545454545455,-0.09090909090909091,7.636363636363637,109.85272727272726,11.0
7u8e,H,SPIGYCSSTKCYIDKPFDS,0.0,0.0,0.0,2.0,2.0,0.0,0.0,1.0,0.0,2.0,0.0,2.0,0.0,1.0,2.0,4.0,1.0,0.0,2.0,0.0,-0.4263157894736842,0.0,8.31578947368421,128.18947368421053,19.0
7soe,B,VLVWFGEVLPDAFDV,1.0,0.0,0.0,2.0,0.0,0.0,1.0,1.0,0.0,0.0,2.0,0.0,0.0,2.0,1.0,0.0,0.0,1.0,0.0,4.0,1.2266666666666666,-0.2,7.506666666666667,130.54466666666667,15.0
7ru8,H,DFRYCSSTRCYFWFDP,0.0,2.0,0.0,2.0,2.0,0.0,0.0,0.0,0.0,0.0,0.0,0.0,0.0,3.0,1.0,2.0,1.0,1.0,2.0,0.0,-0.625,0.0,7.9,147.71937499999999,16.0
7s5q,B,PYCSGGTCHDGFDI,0.0,0.0,0.0,2.0,2.0,0.0,0.0,3.0,1.0,1.0,0.0,0.0,0.0,1.0,1.0,1.0,1.0,0.0,1.0,0.0,-0.25000000000000006,-0.07142857142857142,8.342857142857143,121.84,14.0
7ru5,H,DFRYCSSTRCYFWFDP,0.0,2.0,0.0,2.0,2.0,0.0,0.0,0.0,0.0,0.0,0.0,0.0,0.0,3.0,1.0,2.0,1.0,1.0,2.0,0.0,-0.625,0.0,7.9,147.71937499999999,16.0
7e9o,H,AVEMVRGLGADPEYGMDV,2.0,1.0,0.0,2.0,0.0,0.0,2.0,3.0,0.0,0.0,1.0,0.0,2.0,0.0,1.0,0.0,0.0,0.0,1.0,3.0,0.06666666666666668,-0.16666666666666666,8.472222222222221,123.07833333333332,18.0
7ru4,H,RNQWDLLVY,0.0,1.0,1.0,1.0,0.0,1.0,0.0,0.0,0.0,0.0,2.0,0.0,0.0,0.0,0.0,0.0,0.0,1.0,1.0,1.0,-0.6000000000000001,0.0,8.100000000000001,150.05333333333334,9.0
7s5p,H,GTAMAYGMDV,2.0,0.0,0.0,1.0,0.0,0.0,0.0,2.0,0.0,0.0,0.0,0.0,2.0,0.0,0.0,0.0,1.0,0.0,1.0,1.0,0.53,-0.1,7.93,117.72999999999999,10.0
7ru3,H,RNQWDLLVY,0.0,1.0,1.0,1.0,0.0,1.0,0.0,0.0,0.0,0.0,2.0,0.0,0.0,0.0,0.0,0.0,0.0,1.0,1.0,1.0,-0.6000000000000001,0.0,8.100000000000001,150.05333333333334,9.0
7s5r,H,PPRNYYDRSGYYQRAEYFQH,1.0,3.0,1.0,1.0,0.0,2.0,1.0,1.0,1.0,0.0,0.0,0.0,0.0,1.0,2.0,1.0,0.0,0.0,5.0,0.0,-2.025,0.1,8.915000000000001,147.653,20.0
7ul0,H,DLELGGGFDY,0.0,0.0,0.0,2.0,0.0,0.0,1.0,3.0,0.0,0.0,2.0,0.0,0.0,1.0,0.0,0.0,0.0,0.0,1.0,0.0,-0.26000000000000006,-0.3,8.65,124.726,10.0
7x63,H,DLGEAGGMDV,1.0,0.0,0.0,2.0,0.0,0.0,1.0,3.0,0.0,0.0,1.0,0.0,1.0,0.0,0.0,0.0,0.0,0.0,0.0,1.0,-1.1102230246251566e-17,-0.3,8.99,112.51599999999999,10.0
7x66,H,DLGEAGGMDV,1.0,0.0,0.0,2.0,0.0,0.0,1.0,3.0,0.0,0.0,1.0,0.0,1.0,0.0,0.0,0.0,0.0,0.0,0.0,1.0,-1.1102230246251566e-17,-0.3,8.99,112.51599999999999,10.0
7u0q,G,DYGDFYFDY,0.0,0.0,0.0,3.0,0.0,0.0,0.0,1.0,0.0,0.0,0.0,0.0,0.0,2.0,0.0,0.0,0.0,0.0,3.0,0.0,-1.0222222222222224,-0.3333333333333333,8.555555555555555,149.81333333333333,9.0
7u0x,F,DLSAGHCTGGVCYTAGGIDY,2.0,0.0,0.0,2.0,2.0,0.0,0.0,5.0,1.0,1.0,1.0,0.0,0.0,0.0,0.0,1.0,2.0,0.0,2.0,1.0,0.205,-0.05,8.17,115.11949999999999,20.0
7x2h,A,DSSGWHWGVPFDY,0.0,0.0,0.0,2.0,0.0,0.0,0.0,2.0,1.0,0.0,0.0,0.0,0.0,1.0,1.0,2.0,0.0,2.0,1.0,1.0,-0.7923076923076924,-0.07692307692307693,8.376923076923077,136.06153846153845,13.0
7xcz,D,ASITTTDDGMDV,1.0,0.0,0.0,3.0,0.0,0.0,0.0,1.0,0.0,1.0,0.0,0.0,1.0,0.0,0.0,1.0,3.0,0.0,0.0,1.0,-0.11666666666666665,-0.25,8.991666666666667,118.62,12.0
7xda,B,ELGHDY,0.0,0.0,0.0,1.0,0.0,0.0,1.0,1.0,1.0,0.0,1.0,0.0,0.0,0.0,0.0,0.0,0.0,0.0,1.0,0.0,-1.3499999999999999,-0.16666666666666666,9.3,137.13666666666666,6.0
7xdb,D,HPGGGDWYFDL,0.0,0.0,0.0,2.0,0.0,0.0,0.0,3.0,1.0,0.0,1.0,0.0,0.0,1.0,1.0,0.0,0.0,1.0,1.0,0.0,-0.781818181818182,-0.09090909090909091,8.463636363636363,131.22545454545454,11.0
7xdk,F,ELGHDY,0.0,0.0,0.0,1.0,0.0,0.0,1.0,1.0,1.0,0.0,1.0,0.0,0.0,0.0,0.0,0.0,0.0,0.0,1.0,0.0,-1.3499999999999999,-0.16666666666666666,9.3,137.13666666666666,6.0
7wwi,E,GTEYGDYDVSHD,0.0,0.0,0.0,3.0,0.0,0.0,1.0,2.0,1.0,0.0,0.0,0.0,0.0,0.0,0.0,1.0,1.0,0.0,2.0,1.0,-1.4916666666666665,-0.25,9.65,129.6225,12.0
7wwj,G,GTEYGDYDVSHD,0.0,0.0,0.0,3.0,0.0,0.0,1.0,2.0,1.0,0.0,0.0,0.0,0.0,0.0,0.0,1.0,1.0,0.0,2.0,1.0,-1.4916666666666665,-0.25,9.65,129.6225,12.0
7wwk,G,GTEYGDYDVSHD,0.0,0.0,0.0,3.0,0.0,0.0,1.0,2.0,1.0,0.0,0.0,0.0,0.0,0.0,0.0,1.0,1.0,0.0,2.0,1.0,-1.4916666666666665,-0.25,9.65,129.6225,12.0
7yck,C,GFGEYYYYAMDV,1.0,0.0,0.0,1.0,0.0,0.0,1.0,2.0,0.0,0.0,0.0,0.0,1.0,1.0,0.0,0.0,0.0,0.0,4.0,1.0,-0.19166666666666668,-0.16666666666666666,7.75,139.6475,12.0
7ycl,A,GRNYLDSRGRFDY,0.0,3.0,1.0,2.0,0.0,0.0,0.0,2.0,0.0,0.0,1.0,0.0,0.0,1.0,0.0,1.0,0.0,0.0,2.0,0.0,-1.6615384615384616,0.07692307692307693,9.138461538461538,141.14538461538461,13.0
7ycn,K,GLGIFGVVTLSDV,0.0,0.0,0.0,1.0,0.0,0.0,0.0,3.0,0.0,1.0,2.0,0.0,0.0,1.0,0.0,1.0,1.0,0.0,0.0,3.0,1.6384615384615384,-0.07692307692307693,7.361538461538462,114.82076923076923,13.0
8hhx,F,GFGEYYYYAMDV,1.0,0.0,0.0,1.0,0.0,0.0,1.0,2.0,0.0,0.0,0.0,0.0,1.0,1.0,0.0,0.0,0.0,0.0,4.0,1.0,-0.19166666666666668,-0.16666666666666666,7.75,139.6475,12.0
8hhy,H,GRNYLDSRGRFDY,0.0,3.0,1.0,2.0,0.0,0.0,0.0,2.0,0.0,0.0,1.0,0.0,0.0,1.0,0.0,1.0,0.0,0.0,2.0,0.0,-1.6615384615384616,0.07692307692307693,9.138461538461538,141.14538461538461,13.0
8hhz,E,GLGIFGVVTLSDV,0.0,0.0,0.0,1.0,0.0,0.0,0.0,3.0,0.0,1.0,2.0,0.0,0.0,1.0,0.0,1.0,1.0,0.0,0.0,3.0,1.6384615384615384,-0.07692307692307693,7.361538461538462,114.82076923076923,13.0
8d48,H,DGSAGDNSWFDP,1.0,0.0,1.0,3.0,0.0,0.0,0.0,2.0,0.0,0.0,0.0,0.0,0.0,1.0,1.0,2.0,0.0,1.0,0.0,0.0,-1.1916666666666667,-0.25,9.475,122.115,12.0
8dm3,H,STAVAGTPDLFDYYYGMDV,2.0,0.0,0.0,3.0,0.0,0.0,0.0,2.0,0.0,0.0,1.0,0.0,1.0,1.0,1.0,1.0,2.0,0.0,3.0,2.0,0.07894736842105261,-0.15789473684210525,8.094736842105263,126.81684210526316,19.0
8dm4,H,STAVAGTPDLFDYYYGMDV,2.0,0.0,0.0,3.0,0.0,0.0,0.0,2.0,0.0,0.0,1.0,0.0,1.0,1.0,1.0,1.0,2.0,0.0,3.0,2.0,0.07894736842105261,-0.15789473684210525,8.094736842105263,126.81684210526316,19.0
8hc2,H,GLGDYLDS,0.0,0.0,0.0,2.0,0.0,0.0,0.0,2.0,0.0,0.0,2.0,0.0,0.0,0.0,0.0,1.0,0.0,0.0,1.0,0.0,-0.2875000000000001,-0.25,8.65,120.61999999999999,8.0
8hc3,H,GLGDYLDS,0.0,0.0,0.0,2.0,0.0,0.0,0.0,2.0,0.0,0.0,2.0,0.0,0.0,0.0,0.0,1.0,0.0,0.0,1.0,0.0,-0.2875000000000001,-0.25,8.65,120.61999999999999,8.0
8hc4,D,ENGYSGYGAAANFDL,3.0,0.0,2.0,1.0,0.0,0.0,1.0,3.0,0.0,0.0,1.0,0.0,0.0,1.0,0.0,1.0,0.0,0.0,2.0,0.0,-0.44000000000000006,-0.13333333333333333,8.766666666666667,120.05199999999999,15.0
8hc5,H,GLGDYLDS,0.0,0.0,0.0,2.0,0.0,0.0,0.0,2.0,0.0,0.0,2.0,0.0,0.0,0.0,0.0,1.0,0.0,0.0,1.0,0.0,-0.2875000000000001,-0.25,8.65,120.61999999999999,8.0
8hc6,H,GLGDYLDS,0.0,0.0,0.0,2.0,0.0,0.0,0.0,2.0,0.0,0.0,2.0,0.0,0.0,0.0,0.0,1.0,0.0,0.0,1.0,0.0,-0.2875000000000001,-0.25,8.65,120.61999999999999,8.0
8hc7,H,GLGDYLDS,0.0,0.0,0.0,2.0,0.0,0.0,0.0,2.0,0.0,0.0,2.0,0.0,0.0,0.0,0.0,1.0,0.0,0.0,1.0,0.0,-0.2875000000000001,-0.25,8.65,120.61999999999999,8.0
8hc8,H,TRSRSVRNCTSATCPVDAFDL,2.0,3.0,1.0,2.0,2.0,0.0,0.0,0.0,0.0,0.0,1.0,0.0,0.0,1.0,1.0,3.0,3.0,0.0,0.0,2.0,-0.30952380952380953,0.047619047619047616,8.552380952380952,126.65809523809524,21.0
8hc9,D,TRSRSVRNCTSATCPVDAFDL,2.0,3.0,1.0,2.0,2.0,0.0,0.0,0.0,0.0,0.0,1.0,0.0,0.0,1.0,1.0,3.0,3.0,0.0,0.0,2.0,-0.30952380952380953,0.047619047619047616,8.552380952380952,126.65809523809524,21.0
8hca,D,TRSRSVRNCTSATCPVDAFDL,2.0,3.0,1.0,2.0,2.0,0.0,0.0,0.0,0.0,0.0,1.0,0.0,0.0,1.0,1.0,3.0,3.0,0.0,0.0,2.0,-0.30952380952380953,0.047619047619047616,8.552380952380952,126.65809523809524,21.0
8hcb,D,TRSRSVRNCTSATCPVDAFDL,2.0,3.0,1.0,2.0,2.0,0.0,0.0,0.0,0.0,0.0,1.0,0.0,0.0,1.0,1.0,3.0,3.0,0.0,0.0,2.0,-0.30952380952380953,0.047619047619047616,8.552380952380952,126.65809523809524,21.0
7wh8,B,EGLAFLGYGMDV,1.0,0.0,0.0,1.0,0.0,0.0,1.0,3.0,0.0,0.0,2.0,0.0,1.0,1.0,0.0,0.0,0.0,0.0,1.0,1.0,0.7333333333333333,-0.16666666666666666,7.766666666666667,122.46749999999999,12.0
7whb,D,EGLAFLGYGMDV,1.0,0.0,0.0,1.0,0.0,0.0,1.0,3.0,0.0,0.0,2.0,0.0,1.0,1.0,0.0,0.0,0.0,0.0,1.0,1.0,0.7333333333333333,-0.16666666666666666,7.766666666666667,122.46749999999999,12.0
7whd,D,EGLAFLGYGMDV,1.0,0.0,0.0,1.0,0.0,0.0,1.0,3.0,0.0,0.0,2.0,0.0,1.0,1.0,0.0,0.0,0.0,0.0,1.0,1.0,0.7333333333333333,-0.16666666666666666,7.766666666666667,122.46749999999999,12.0
7x25,A,EGGSGYDFFDY,0.0,0.0,0.0,2.0,0.0,0.0,1.0,3.0,0.0,0.0,0.0,0.0,0.0,2.0,0.0,1.0,0.0,0.0,2.0,0.0,-0.8636363636363636,-0.2727272727272727,8.845454545454546,130.58090909090907,11.0
8dxt,H,SGEQQLVQAEYFHH,1.0,0.0,0.0,0.0,0.0,3.0,2.0,1.0,2.0,0.0,1.0,0.0,0.0,1.0,0.0,1.0,0.0,0.0,1.0,1.0,-0.9857142857142858,0.0,8.957142857142857,136.21285714285713,14.0
8dxu,H,EATAGFDY,2.0,0.0,0.0,1.0,0.0,0.0,1.0,1.0,0.0,0.0,0.0,0.0,0.0,1.0,0.0,0.0,1.0,0.0,1.0,0.0,-0.375,-0.25,8.8125,124.8725,8.0
7wck,A,NHCSNTTCLDGFDI,0.0,0.0,2.0,2.0,2.0,0.0,0.0,1.0,1.0,1.0,1.0,0.0,0.0,1.0,0.0,1.0,2.0,0.0,0.0,0.0,-0.26428571428571435,-0.07142857142857142,8.664285714285715,126.70214285714285,14.0
7wcp,D,DYGDFYFDY,0.0,0.0,0.0,3.0,0.0,0.0,0.0,1.0,0.0,0.0,0.0,0.0,0.0,2.0,0.0,0.0,0.0,0.0,3.0,0.0,-1.0222222222222224,-0.3333333333333333,8.555555555555555,149.81333333333333,9.0
7wcu,A,DYGDFYFDY,0.0,0.0,0.0,3.0,0.0,0.0,0.0,1.0,0.0,0.0,0.0,0.0,0.0,2.0,0.0,0.0,0.0,0.0,3.0,0.0,-1.0222222222222224,-0.3333333333333333,8.555555555555555,149.81333333333333,9.0
7ykj,A,AISRYPWGCLDY,1.0,1.0,0.0,1.0,1.0,0.0,0.0,1.0,0.0,1.0,1.0,0.0,0.0,0.0,1.0,1.0,0.0,1.0,2.0,0.0,-0.1416666666666667,0.0,7.6000000000000005,136.815,12.0
7wti,H,HKIEYIFDY,0.0,0.0,0.0,1.0,0.0,0.0,1.0,0.0,1.0,2.0,0.0,1.0,0.0,1.0,0.0,0.0,0.0,0.0,2.0,0.0,-0.5444444444444445,0.0,8.333333333333334,152.38777777777779,9.0
7wtf,H,LDGYSFGHDRYYQDGMDD,0.0,1.0,0.0,5.0,0.0,1.0,0.0,3.0,1.0,0.0,1.0,0.0,1.0,1.0,0.0,1.0,0.0,0.0,3.0,0.0,-1.4500000000000002,-0.16666666666666666,9.277777777777779,136.69166666666666,18.0
7wtg,H,LDGYSFGHDRYYQDGMDD,0.0,1.0,0.0,5.0,0.0,1.0,0.0,3.0,1.0,0.0,1.0,0.0,1.0,1.0,0.0,1.0,0.0,0.0,3.0,0.0,-1.4500000000000002,-0.16666666666666666,9.277777777777779,136.69166666666666,18.0
7wth,H,HKIEYIFDY,0.0,0.0,0.0,1.0,0.0,0.0,1.0,0.0,1.0,2.0,0.0,1.0,0.0,1.0,0.0,0.0,0.0,0.0,2.0,0.0,-0.5444444444444445,0.0,8.333333333333334,152.38777777777779,9.0
7wtj,H,AEGSSWLGWFDP,1.0,0.0,0.0,1.0,0.0,0.0,1.0,2.0,0.0,0.0,1.0,0.0,0.0,1.0,1.0,2.0,0.0,2.0,0.0,0.0,-0.3666666666666667,-0.16666666666666666,8.225,129.1325,12.0
7wtk,H,AEGSSWLGWFDP,1.0,0.0,0.0,1.0,0.0,0.0,1.0,2.0,0.0,0.0,1.0,0.0,0.0,1.0,1.0,2.0,0.0,2.0,0.0,0.0,-0.3666666666666667,-0.16666666666666666,8.225,129.1325,12.0
7x8w,H,DLAFSMVRGALDY,2.0,1.0,0.0,2.0,0.0,0.0,0.0,1.0,0.0,0.0,2.0,0.0,1.0,1.0,0.0,1.0,0.0,0.0,1.0,1.0,0.46923076923076923,-0.07692307692307693,7.976923076923077,128.7553846153846,13.0
7x8y,H,ADYDILTGTPASPY,2.0,0.0,0.0,2.0,0.0,0.0,0.0,1.0,0.0,1.0,1.0,0.0,0.0,0.0,2.0,1.0,2.0,0.0,2.0,0.0,-0.25000000000000006,-0.14285714285714285,8.292857142857143,122.69714285714285,14.0
7x90,E,LITMIRGVPDY,0.0,1.0,0.0,1.0,0.0,0.0,0.0,1.0,0.0,2.0,1.0,0.0,1.0,0.0,1.0,0.0,1.0,0.0,1.0,1.0,0.6272727272727272,0.0,7.472727272727273,132.51636363636362,11.0
7x91,H,FPYYYDNSGSGP,0.0,0.0,1.0,1.0,0.0,0.0,0.0,2.0,0.0,0.0,0.0,0.0,0.0,1.0,2.0,2.0,0.0,0.0,3.0,0.0,-1.1416666666666668,-0.08333333333333333,8.4,130.38,12.0
7x92,H,DGTVAVRGVMNPFFDY,1.0,1.0,1.0,2.0,0.0,0.0,0.0,2.0,0.0,0.0,0.0,0.0,1.0,2.0,1.0,0.0,1.0,0.0,1.0,3.0,0.15625,-0.0625,8.175,128.639375,16.0
8dw2,D,DYTRGAWFGESLIGGFDN,1.0,1.0,1.0,2.0,0.0,0.0,1.0,4.0,0.0,1.0,1.0,0.0,0.0,2.0,0.0,1.0,1.0,1.0,1.0,0.0,-0.45000000000000007,-0.1111111111111111,8.577777777777778,128.40944444444443,18.0
8dw3,D,DYTRGAWFGESLIGGFDN,1.0,1.0,1.0,2.0,0.0,0.0,1.0,4.0,0.0,1.0,1.0,0.0,0.0,2.0,0.0,1.0,1.0,1.0,1.0,0.0,-0.45000000000000007,-0.1111111111111111,8.577777777777778,128.40944444444443,18.0
7u9o,H,EETIVGATPPYGLDV,1.0,0.0,0.0,1.0,0.0,0.0,2.0,2.0,0.0,1.0,1.0,0.0,0.0,0.0,2.0,0.0,2.0,0.0,1.0,2.0,0.08666666666666667,-0.2,8.333333333333334,120.86133333333333,15.0
7u9p,H,DPHCTGGVCDAFDL,1.0,0.0,0.0,3.0,2.0,0.0,0.0,2.0,1.0,0.0,1.0,0.0,0.0,1.0,1.0,0.0,1.0,0.0,0.0,1.0,0.05714285714285711,-0.14285714285714285,8.507142857142856,120.26785714285714,14.0
7sj0,B,GSPFDRTQNWFDP,0.0,1.0,1.0,2.0,0.0,1.0,0.0,1.0,0.0,0.0,0.0,0.0,0.0,2.0,2.0,1.0,1.0,1.0,0.0,0.0,-1.453846153846154,-0.07692307692307693,9.015384615384615,137.14,13.0
7yr1,H,AQGGWELPGAGYYYFYGMDV,2.0,0.0,0.0,1.0,0.0,1.0,1.0,5.0,0.0,0.0,1.0,0.0,1.0,1.0,1.0,0.0,0.0,1.0,4.0,1.0,-0.195,-0.1,7.845000000000001,129.3375,20.0
7yr0,C,DYTRGAWFGESLIGGFDN,1.0,1.0,1.0,2.0,0.0,0.0,1.0,4.0,0.0,1.0,1.0,0.0,0.0,2.0,0.0,1.0,1.0,1.0,1.0,0.0,-0.45000000000000007,-0.1111111111111111,8.577777777777778,128.40944444444443,18.0
7wrj,A,RPDLDSDLIVVDAFDM,1.0,1.0,0.0,5.0,0.0,0.0,0.0,0.0,0.0,1.0,2.0,0.0,1.0,1.0,1.0,1.0,0.0,0.0,0.0,2.0,0.16249999999999998,-0.25,8.65625,130.70125,16.0
7y0c,A,VSQWELLVY,0.0,0.0,0.0,0.0,0.0,1.0,1.0,0.0,0.0,0.0,2.0,0.0,0.0,0.0,0.0,1.0,0.0,1.0,1.0,2.0,0.6666666666666666,-0.1111111111111111,7.2444444444444445,142.27,9.0
7y0v,H,GRGSPPHYYFYFGLDV,0.0,1.0,0.0,1.0,0.0,0.0,0.0,3.0,1.0,0.0,1.0,0.0,0.0,2.0,2.0,1.0,0.0,0.0,3.0,1.0,-0.41875000000000007,0.0625,7.86875,134.080625,16.0
7xco,H,DYTRGAWFGESLIGGFDN,1.0,1.0,1.0,2.0,0.0,0.0,1.0,4.0,0.0,1.0,1.0,0.0,0.0,2.0,0.0,1.0,1.0,1.0,1.0,0.0,-0.45000000000000007,-0.1111111111111111,8.577777777777778,128.40944444444443,18.0
7xxl,A,EEQQLVHDYYYYGMDV,0.0,0.0,0.0,2.0,0.0,2.0,2.0,1.0,1.0,0.0,1.0,0.0,1.0,0.0,0.0,0.0,0.0,0.0,4.0,2.0,-0.9812500000000001,-0.1875,8.637500000000001,145.151875,16.0
7wbz,H,DLAVYGMDV,1.0,0.0,0.0,2.0,0.0,0.0,0.0,1.0,0.0,0.0,1.0,0.0,1.0,0.0,0.0,0.0,0.0,0.0,1.0,2.0,0.8,-0.2222222222222222,7.966666666666667,125.13666666666667,9.0
7xck,A,DYTRGAWFGESLIGGFDN,1.0,1.0,1.0,2.0,0.0,0.0,1.0,4.0,0.0,1.0,1.0,0.0,0.0,2.0,0.0,1.0,1.0,1.0,1.0,0.0,-0.45000000000000007,-0.1111111111111111,8.577777777777778,128.40944444444443,18.0
7xcp,H,GDSSGYYYYFDY,0.0,0.0,0.0,2.0,0.0,0.0,0.0,2.0,0.0,0.0,0.0,0.0,0.0,1.0,0.0,2.0,0.0,0.0,5.0,0.0,-1.0916666666666668,-0.16666666666666666,8.216666666666667,141.47166666666666,12.0
7yad,A,DYTRGAWFGESLIGGFDN,1.0,1.0,1.0,2.0,0.0,0.0,1.0,4.0,0.0,1.0,1.0,0.0,0.0,2.0,0.0,1.0,1.0,1.0,1.0,0.0,-0.45000000000000007,-0.1111111111111111,8.577777777777778,128.40944444444443,18.0
8dad,H,PYCNKTNCRDGFDM,0.0,1.0,2.0,2.0,2.0,0.0,0.0,1.0,0.0,0.0,0.0,1.0,1.0,1.0,1.0,0.0,1.0,0.0,1.0,0.0,-1.1928571428571428,0.0,8.907142857142857,135.5742857142857,14.0
8dlr,H,LQTVDTAIEKYYGMDV,1.0,0.0,0.0,2.0,0.0,1.0,1.0,1.0,0.0,1.0,1.0,1.0,1.0,0.0,0.0,0.0,2.0,0.0,2.0,2.0,-0.11875,-0.125,8.4,132.26875,16.0
8dls,H,STAVAGTPDLFDYYYGMDV,2.0,0.0,0.0,3.0,0.0,0.0,0.0,2.0,0.0,0.0,1.0,0.0,1.0,1.0,1.0,1.0,2.0,0.0,3.0,2.0,0.07894736842105261,-0.15789473684210525,8.094736842105263,126.81684210526316,19.0
8dlw,C,AAPFYDFWSGYSYFDY,2.0,0.0,0.0,2.0,0.0,0.0,0.0,1.0,0.0,0.0,0.0,0.0,0.0,3.0,1.0,2.0,0.0,1.0,4.0,0.0,-0.29375000000000007,-0.125,7.7125,141.8325,16.0
8dzh,E,GGYEDVFDI,0.0,0.0,0.0,2.0,0.0,0.0,1.0,2.0,0.0,1.0,0.0,0.0,0.0,1.0,0.0,0.0,0.0,0.0,1.0,1.0,-0.12222222222222223,-0.3333333333333333,8.755555555555555,128.68555555555557,9.0
8dzi,H,GGYEDVFDI,0.0,0.0,0.0,2.0,0.0,0.0,1.0,2.0,0.0,1.0,0.0,0.0,0.0,1.0,0.0,0.0,0.0,0.0,1.0,1.0,-0.12222222222222223,-0.3333333333333333,8.755555555555555,128.68555555555557,9.0
7zbu,H,ADYYDFWSGYQKTYYYYMDV,1.0,0.0,0.0,3.0,0.0,1.0,0.0,1.0,0.0,0.0,0.0,1.0,1.0,1.0,0.0,1.0,1.0,1.0,7.0,1.0,-0.9550000000000001,-0.1,8.065000000000001,149.206,20.0
7upl,E,GEMTAVFGDY,1.0,0.0,0.0,1.0,0.0,0.0,1.0,2.0,0.0,0.0,0.0,0.0,1.0,1.0,0.0,0.0,1.0,0.0,1.0,1.0,0.09,-0.2,8.3,125.13199999999999,10.0
7u0p,E,GEMTAVFGDY,1.0,0.0,0.0,1.0,0.0,0.0,1.0,2.0,0.0,0.0,0.0,0.0,1.0,1.0,0.0,0.0,1.0,0.0,1.0,1.0,0.09,-0.2,8.3,125.13199999999999,10.0
7fjc,H,GGGRRLQFDYFDY,0.0,2.0,0.0,2.0,0.0,1.0,0.0,3.0,0.0,0.0,1.0,0.0,0.0,2.0,0.0,0.0,0.0,0.0,2.0,0.0,-1.0692307692307692,0.0,8.63076923076923,139.22230769230768,13.0
7str,H,IYDSSGYYHPVFDY,0.0,0.0,0.0,2.0,0.0,0.0,0.0,1.0,1.0,1.0,0.0,0.0,0.0,1.0,1.0,2.0,0.0,0.0,4.0,1.0,-0.5357142857142858,-0.07142857142857142,8.064285714285715,140.00071428571428,14.0
7sts,A,DYYQLPMDV,0.0,0.0,0.0,2.0,0.0,1.0,0.0,0.0,0.0,0.0,1.0,0.0,1.0,0.0,1.0,0.0,0.0,0.0,2.0,1.0,-0.5333333333333334,-0.2222222222222222,8.155555555555557,143.04333333333332,9.0
7sue,H,GWEFGSGSYYRDYYYYAMDV,1.0,1.0,0.0,2.0,0.0,0.0,1.0,3.0,0.0,0.0,0.0,0.0,1.0,1.0,0.0,2.0,0.0,1.0,6.0,1.0,-0.79,-0.1,8.084999999999999,141.7465,20.0
7v23,O,NGGAHSSTWSFYGMDV,1.0,0.0,1.0,1.0,0.0,0.0,0.0,3.0,1.0,0.0,0.0,0.0,1.0,1.0,0.0,3.0,1.0,1.0,1.0,1.0,-0.375,0.0,8.41875,124.1275,16.0
7v24,H,NGGAHSSTWSFYGMDV,1.0,0.0,1.0,1.0,0.0,0.0,0.0,3.0,1.0,0.0,0.0,0.0,1.0,1.0,0.0,3.0,1.0,1.0,1.0,1.0,-0.375,0.0,8.41875,124.1275,16.0
7v27,B,LTAADTIFDC,2.0,0.0,0.0,2.0,1.0,0.0,0.0,0.0,0.0,1.0,1.0,0.0,0.0,1.0,0.0,0.0,2.0,0.0,0.0,0.0,0.8800000000000001,-0.2,8.02,123.13,10.0
7wcd,E,GWATYYDILTGYSLFDY,1.0,0.0,0.0,2.0,0.0,0.0,0.0,2.0,0.0,1.0,2.0,0.0,0.0,1.0,0.0,1.0,2.0,1.0,4.0,0.0,0.03529411764705878,-0.11764705882352941,7.582352941176471,137.43823529411765,17.0
7qti,G,DRHYDSSGYFVNGFDI,0.0,1.0,1.0,3.0,0.0,0.0,0.0,2.0,1.0,1.0,0.0,0.0,0.0,2.0,0.0,2.0,0.0,0.0,2.0,1.0,-0.775,-0.0625,8.8625,135.13625,16.0
7qtj,B,DRHYDSSGYFVNGFDI,0.0,1.0,1.0,3.0,0.0,0.0,0.0,2.0,1.0,1.0,0.0,0.0,0.0,2.0,0.0,2.0,0.0,0.0,2.0,1.0,-0.775,-0.0625,8.8625,135.13625,16.0
7qtk,B,DRHYDSSGYFVNGFDI,0.0,1.0,1.0,3.0,0.0,0.0,0.0,2.0,1.0,1.0,0.0,0.0,0.0,2.0,0.0,2.0,0.0,0.0,2.0,1.0,-0.775,-0.0625,8.8625,135.13625,16.0
7t7b,H,AARPYYDRRGYFFRADYFQH,3.0,4.0,0.0,2.0,0.0,1.0,0.0,1.0,1.0,0.0,0.0,0.0,0.0,3.0,1.0,0.0,0.0,0.0,4.0,0.0,-1.2550000000000001,0.15,8.53,147.1055,20.0
8df5,A,DYTRGAWFGESLIGGFDN,1.0,1.0,1.0,2.0,0.0,0.0,1.0,4.0,0.0,1.0,1.0,0.0,0.0,2.0,0.0,1.0,1.0,1.0,1.0,0.0,-0.45000000000000007,-0.1111111111111111,8.577777777777778,128.40944444444443,18.0
7wjy,B,HHQIAVAGDAEDYYFDY,3.0,0.0,0.0,3.0,0.0,1.0,1.0,1.0,2.0,1.0,0.0,0.0,0.0,1.0,0.0,0.0,0.0,0.0,3.0,1.0,-0.6647058823529413,-0.11764705882352941,8.870588235294118,135.43058823529412,17.0
7wo4,D,VWYYYGPRDY,0.0,1.0,0.0,1.0,0.0,0.0,0.0,1.0,0.0,0.0,0.0,0.0,0.0,0.0,1.0,0.0,0.0,1.0,4.0,1.0,-1.19,0.0,7.659999999999999,154.36399999999998,10.0
7wo5,D,VWYYYGPRDY,0.0,1.0,0.0,1.0,0.0,0.0,0.0,1.0,0.0,0.0,0.0,0.0,0.0,0.0,1.0,0.0,0.0,1.0,4.0,1.0,-1.19,0.0,7.659999999999999,154.36399999999998,10.0
7wo7,A,VWYYYGPRDY,0.0,1.0,0.0,1.0,0.0,0.0,0.0,1.0,0.0,0.0,0.0,0.0,0.0,0.0,1.0,0.0,0.0,1.0,4.0,1.0,-1.19,0.0,7.659999999999999,154.36399999999998,10.0
7woa,D,VFRGSQYWFDP,0.0,1.0,0.0,1.0,0.0,1.0,0.0,1.0,0.0,0.0,0.0,0.0,0.0,2.0,1.0,1.0,0.0,1.0,1.0,1.0,-0.6090909090909091,0.0,8.009090909090908,143.79,11.0
7wob,D,VFRGSQYWFDP,0.0,1.0,0.0,1.0,0.0,1.0,0.0,1.0,0.0,0.0,0.0,0.0,0.0,2.0,1.0,1.0,0.0,1.0,1.0,1.0,-0.6090909090909091,0.0,8.009090909090908,143.79,11.0
7woc,A,VFRGSQYWFDP,0.0,1.0,0.0,1.0,0.0,1.0,0.0,1.0,0.0,0.0,0.0,0.0,0.0,2.0,1.0,1.0,0.0,1.0,1.0,1.0,-0.6090909090909091,0.0,8.009090909090908,143.79,11.0
7wog,A,DSSSWYNYYGMDV,0.0,0.0,1.0,2.0,0.0,0.0,0.0,1.0,0.0,0.0,0.0,0.0,1.0,0.0,0.0,3.0,0.0,1.0,3.0,1.0,-0.9230769230769231,-0.15384615384615385,8.446153846153846,138.67846153846153,13.0
7wp0,H,GVQGYYDRSGYYNLDYNYGMDV,0.0,1.0,2.0,3.0,0.0,1.0,0.0,4.0,0.0,0.0,1.0,0.0,1.0,0.0,0.0,1.0,0.0,0.0,6.0,2.0,-0.9818181818181819,-0.09090909090909091,8.545454545454545,135.95818181818183,22.0
7wjz,A,HHQIAVAGDAEDYYFDY,3.0,0.0,0.0,3.0,0.0,1.0,1.0,1.0,2.0,1.0,0.0,0.0,0.0,1.0,0.0,0.0,0.0,0.0,3.0,1.0,-0.6647058823529413,-0.11764705882352941,8.870588235294118,135.43058823529412,17.0
7wk0,A,HHQIAVAGDAEDYYFDY,3.0,0.0,0.0,3.0,0.0,1.0,1.0,1.0,2.0,1.0,0.0,0.0,0.0,1.0,0.0,0.0,0.0,0.0,3.0,1.0,-0.6647058823529413,-0.11764705882352941,8.870588235294118,135.43058823529412,17.0
7x6a,H,ERDYSDYFFDY,0.0,1.0,0.0,3.0,0.0,0.0,1.0,0.0,0.0,0.0,0.0,0.0,0.0,2.0,0.0,1.0,0.0,0.0,3.0,0.0,-1.6,-0.2727272727272727,9.090909090909092,154.51545454545456,11.0
8dcc,H,AVVGIVVVPAAGRRAFDI,4.0,2.0,0.0,1.0,0.0,0.0,0.0,2.0,0.0,2.0,0.0,0.0,0.0,1.0,1.0,0.0,0.0,0.0,0.0,5.0,1.3944444444444446,0.05555555555555555,7.638888888888889,117.57833333333332,18.0
7x1m,A,DYTRGAWFGESLIGGFDN,1.0,1.0,1.0,2.0,0.0,0.0,1.0,4.0,0.0,1.0,1.0,0.0,0.0,2.0,0.0,1.0,1.0,1.0,1.0,0.0,-0.45000000000000007,-0.1111111111111111,8.577777777777778,128.40944444444443,18.0
7jmo,H,DLERAGGMDV,1.0,1.0,0.0,2.0,0.0,0.0,1.0,2.0,0.0,0.0,1.0,0.0,1.0,0.0,0.0,0.0,0.0,0.0,0.0,1.0,-0.41,-0.2,9.14,122.429,10.0
7orb,E,DVVVVVAARNHYYNGMDV,2.0,1.0,2.0,2.0,0.0,0.0,0.0,1.0,1.0,0.0,0.0,0.0,1.0,0.0,0.0,0.0,0.0,0.0,2.0,6.0,0.33333333333333337,0.0,8.266666666666667,129.30777777777777,18.0
7tn0,M,GDSSGYYYYFDY,0.0,0.0,0.0,2.0,0.0,0.0,0.0,2.0,0.0,0.0,0.0,0.0,0.0,1.0,0.0,2.0,0.0,0.0,5.0,0.0,-1.0916666666666668,-0.16666666666666666,8.216666666666667,141.47166666666666,12.0
7bel,C,GGSYAYYYYMDV,1.0,0.0,0.0,1.0,0.0,0.0,0.0,2.0,0.0,0.0,0.0,0.0,1.0,0.0,0.0,1.0,0.0,0.0,5.0,1.0,-0.30833333333333335,-0.08333333333333333,7.575,137.4775,12.0
7bej,H,DLGSGDMDV,0.0,0.0,0.0,3.0,0.0,0.0,0.0,2.0,0.0,0.0,1.0,0.0,1.0,0.0,0.0,1.0,0.0,0.0,0.0,1.0,-0.24444444444444446,-0.3333333333333333,9.18888888888889,116.89555555555555,9.0
7l2e,H,DSGYNYGYSWFDP,0.0,0.0,1.0,2.0,0.0,0.0,0.0,2.0,0.0,0.0,0.0,0.0,0.0,1.0,1.0,2.0,0.0,1.0,3.0,0.0,-1.2692307692307692,-0.15384615384615385,8.553846153846154,137.44307692307692,13.0
7wwl,J,DRTDWELIRGYFGH,0.0,2.0,0.0,2.0,0.0,0.0,1.0,2.0,1.0,1.0,1.0,0.0,0.0,1.0,0.0,0.0,1.0,1.0,1.0,0.0,-1.092857142857143,0.0,8.8,142.79285714285714,14.0
7mzk,H,DRVTIFWGNGMDV,0.0,1.0,1.0,2.0,0.0,0.0,0.0,2.0,0.0,1.0,0.0,0.0,1.0,1.0,0.0,0.0,1.0,1.0,0.0,2.0,0.015384615384615389,-0.07692307692307693,8.307692307692308,132.76,13.0
7czx,I,NGQYYDILTGQPPDYWYFDL,0.0,0.0,1.0,3.0,0.0,2.0,0.0,2.0,0.0,1.0,2.0,0.0,0.0,1.0,2.0,0.0,1.0,1.0,4.0,0.0,-0.8450000000000001,-0.15,8.23,140.54649999999998,20.0
7k43,C,AAPFYDFWSGYSYFDY,2.0,0.0,0.0,2.0,0.0,0.0,0.0,1.0,0.0,0.0,0.0,0.0,0.0,3.0,1.0,2.0,0.0,1.0,4.0,0.0,-0.29375000000000007,-0.125,7.7125,141.8325,16.0
7ps0,H,LVVPSPKGSWFDP,0.0,0.0,0.0,1.0,0.0,0.0,0.0,1.0,0.0,0.0,1.0,1.0,0.0,1.0,3.0,2.0,0.0,1.0,0.0,2.0,-0.007692307692307716,0.0,7.923076923076923,126.52461538461537,13.0
7nx7,H,DGGKLWVYYFDY,0.0,0.0,0.0,2.0,0.0,0.0,0.0,2.0,0.0,0.0,1.0,1.0,0.0,1.0,0.0,0.0,0.0,1.0,3.0,1.0,-0.47500000000000003,-0.08333333333333333,7.941666666666666,143.65333333333334,12.0
7dk2,D,DLGILWFGDYP,0.0,0.0,0.0,2.0,0.0,0.0,0.0,2.0,0.0,1.0,2.0,0.0,0.0,1.0,1.0,0.0,0.0,1.0,1.0,0.0,0.29999999999999993,-0.18181818181818182,7.618181818181818,134.14454545454544,11.0
7ps2,H,HVVALTHLYPDY,1.0,0.0,0.0,1.0,0.0,0.0,0.0,0.0,2.0,0.0,2.0,0.0,0.0,0.0,1.0,0.0,1.0,0.0,2.0,2.0,0.24999999999999997,0.08333333333333333,7.708333333333333,135.48166666666665,12.0
6xkq,H,SDNYGFPYNGMDV,0.0,0.0,2.0,2.0,0.0,0.0,0.0,2.0,0.0,0.0,0.0,0.0,1.0,1.0,1.0,1.0,0.0,0.0,2.0,1.0,-0.8384615384615385,-0.15384615384615385,8.738461538461538,130.36384615384617,13.0
7nxa,A,GEGSPGNWFDP,0.0,0.0,1.0,1.0,0.0,0.0,1.0,3.0,0.0,0.0,0.0,0.0,0.0,1.0,2.0,1.0,0.0,1.0,0.0,0.0,-1.2545454545454546,-0.18181818181818182,9.063636363636364,122.02999999999999,11.0
7c01,H,VLPMYGDYLDY,0.0,0.0,0.0,2.0,0.0,0.0,0.0,1.0,0.0,0.0,2.0,0.0,1.0,0.0,1.0,0.0,0.0,0.0,3.0,1.0,0.07272727272727268,-0.18181818181818182,7.545454545454546,138.97,11.0
7qf1,C,LPYYYDSSGYYYFDY,0.0,0.0,0.0,2.0,0.0,0.0,0.0,1.0,0.0,0.0,1.0,0.0,0.0,1.0,1.0,2.0,0.0,0.0,7.0,0.0,-0.8733333333333334,-0.13333333333333333,7.66,148.75133333333332,15.0
7pqy,H,DHVRPGMNI,0.0,1.0,1.0,1.0,0.0,0.0,0.0,1.0,1.0,1.0,0.0,0.0,1.0,0.0,1.0,0.0,0.0,0.0,0.0,1.0,-0.6777777777777778,0.1111111111111111,8.81111111111111,131.36777777777777,9.0
7qnw,A,PRPPDYYDNSGALLFDI,1.0,1.0,1.0,3.0,0.0,0.0,0.0,1.0,0.0,1.0,2.0,0.0,0.0,1.0,3.0,1.0,0.0,0.0,2.0,0.0,-0.611764705882353,-0.11764705882352941,8.470588235294118,131.8435294117647,17.0
6yla,H,GSGISTPMDV,0.0,0.0,0.0,1.0,0.0,0.0,0.0,2.0,0.0,1.0,0.0,0.0,1.0,0.0,1.0,2.0,1.0,0.0,0.0,1.0,0.24,-0.1,8.28,112.52000000000001,10.0
7kn4,M,PGAIMGALHI,2.0,0.0,0.0,0.0,0.0,0.0,0.0,2.0,1.0,2.0,1.0,0.0,1.0,0.0,1.0,0.0,0.0,0.0,0.0,0.0,1.27,0.1,7.359999999999999,114.133,10.0
6xc7,C,DFGDFYFDY,0.0,0.0,0.0,3.0,0.0,0.0,0.0,1.0,0.0,0.0,0.0,0.0,0.0,3.0,0.0,0.0,0.0,0.0,2.0,0.0,-0.5666666666666668,-0.3333333333333333,8.444444444444445,148.03555555555556,9.0
7wwm,I,HGGTYYYDKNILA,1.0,0.0,1.0,1.0,0.0,0.0,0.0,2.0,1.0,1.0,1.0,1.0,0.0,0.0,0.0,0.0,1.0,0.0,3.0,0.0,-0.7230769230769231,0.07692307692307693,8.438461538461539,133.14076923076922,13.0
7m7w,C,QWSHYTYDYYY,0.0,0.0,0.0,1.0,0.0,1.0,0.0,0.0,1.0,0.0,0.0,0.0,0.0,0.0,0.0,1.0,1.0,1.0,5.0,0.0,-1.7363636363636366,0.0,8.009090909090908,160.79999999999998,11.0
7lxz,H,DGNAYKWLLAENVRFDY,2.0,1.0,2.0,2.0,0.0,0.0,1.0,1.0,0.0,0.0,2.0,1.0,0.0,1.0,0.0,0.0,0.0,1.0,2.0,1.0,-0.6823529411764706,-0.058823529411764705,8.658823529411764,138.97058823529412,17.0
7kfv,F,GDVSGYRYGLDY,0.0,1.0,0.0,2.0,0.0,0.0,0.0,3.0,0.0,0.0,1.0,0.0,0.0,0.0,0.0,1.0,0.0,0.0,3.0,1.0,-0.7833333333333333,-0.08333333333333333,8.508333333333333,130.21583333333334,12.0
7chf,A,TRGRGLYDYVWGSKDY,0.0,2.0,0.0,2.0,0.0,0.0,0.0,3.0,0.0,0.0,1.0,1.0,0.0,0.0,0.0,1.0,1.0,1.0,3.0,1.0,-1.2125,0.0625,8.61875,137.895625,16.0
7r40,D,EGTYYYGSGSF,0.0,0.0,0.0,0.0,0.0,0.0,1.0,3.0,0.0,0.0,0.0,0.0,0.0,1.0,0.0,2.0,1.0,0.0,3.0,0.0,-0.7363636363636363,-0.09090909090909091,8.19090909090909,128.21818181818182,11.0
7lxx,H,DGNAYKWLLAENVRFDY,2.0,1.0,2.0,2.0,0.0,0.0,1.0,1.0,0.0,0.0,2.0,1.0,0.0,1.0,0.0,0.0,0.0,1.0,2.0,1.0,-0.6823529411764706,-0.058823529411764705,8.658823529411764,138.97058823529412,17.0
7cho,H,ALQVGATSDYFDY,2.0,0.0,0.0,2.0,0.0,1.0,0.0,1.0,0.0,0.0,1.0,0.0,0.0,1.0,0.0,1.0,1.0,0.0,2.0,1.0,-0.04615384615384617,-0.15384615384615385,8.3,128.13076923076923,13.0
7l0n,M,GDSSGYYYYFDY,0.0,0.0,0.0,2.0,0.0,0.0,0.0,2.0,0.0,0.0,0.0,0.0,0.0,1.0,0.0,2.0,0.0,0.0,5.0,0.0,-1.0916666666666668,-0.16666666666666666,8.216666666666667,141.47166666666666,12.0
7mzg,H,DAVYYGMDV,1.0,0.0,0.0,2.0,0.0,0.0,0.0,1.0,0.0,0.0,0.0,0.0,1.0,0.0,0.0,0.0,0.0,0.0,2.0,2.0,0.23333333333333334,-0.2222222222222222,8.11111111111111,130.69444444444446,9.0
7kfw,C,GDVSGYRYGLDY,0.0,1.0,0.0,2.0,0.0,0.0,0.0,3.0,0.0,0.0,1.0,0.0,0.0,0.0,0.0,1.0,0.0,0.0,3.0,1.0,-0.7833333333333333,-0.08333333333333333,8.508333333333333,130.21583333333334,12.0
7tb8,J,DLAIAVAGTWHYYNGMDV,3.0,0.0,1.0,2.0,0.0,0.0,0.0,2.0,1.0,1.0,1.0,0.0,1.0,0.0,0.0,0.0,1.0,1.0,2.0,2.0,0.29444444444444445,-0.05555555555555555,8.016666666666667,127.91499999999999,18.0
7neg,H,DFYEGSFDI,0.0,0.0,0.0,2.0,0.0,0.0,1.0,1.0,0.0,1.0,0.0,0.0,0.0,2.0,0.0,1.0,0.0,0.0,1.0,0.0,-0.32222222222222224,-0.3333333333333333,8.7,137.35888888888888,9.0
7epx,H,DRSYGPPDVFNYEYGMDV,0.0,1.0,1.0,3.0,0.0,0.0,1.0,2.0,0.0,0.0,0.0,0.0,1.0,1.0,2.0,1.0,0.0,0.0,3.0,2.0,-0.9777777777777779,-0.16666666666666666,8.772222222222222,135.0283333333333,18.0
7czp,J,LERDWPLDAFDI,1.0,1.0,0.0,3.0,0.0,0.0,1.0,0.0,0.0,1.0,2.0,0.0,0.0,1.0,1.0,0.0,0.0,1.0,0.0,0.0,-0.3583333333333334,-0.25,8.625,140.64833333333334,12.0
7r8l,H,DLYSSGGTDI,0.0,0.0,0.0,2.0,0.0,0.0,0.0,2.0,0.0,1.0,1.0,0.0,0.0,0.0,0.0,2.0,1.0,0.0,1.0,0.0,-0.31000000000000005,-0.2,8.73,118.917,10.0
7mmo,A,HSISTIFDH,0.0,0.0,0.0,1.0,0.0,0.0,0.0,0.0,2.0,2.0,0.0,0.0,0.0,1.0,0.0,2.0,1.0,0.0,0.0,0.0,-0.04444444444444451,0.1111111111111111,8.488888888888889,133.36111111111111,9.0
7ora,H,PHCNSTSCYDAFDI,1.0,0.0,1.0,2.0,2.0,0.0,0.0,0.0,1.0,1.0,0.0,0.0,0.0,1.0,1.0,2.0,1.0,0.0,1.0,0.0,-0.3428571428571429,-0.07142857142857142,8.47857142857143,129.06071428571428,14.0
7mzj,F,VGWGAFDI,1.0,0.0,0.0,1.0,0.0,0.0,0.0,2.0,0.0,1.0,0.0,0.0,0.0,1.0,0.0,0.0,0.0,1.0,0.0,1.0,1.0125,-0.125,7.6,123.75874999999999,8.0
7qnx,A,PRPPDYYDNSGALLFDI,1.0,1.0,1.0,3.0,0.0,0.0,0.0,1.0,0.0,1.0,2.0,0.0,0.0,1.0,3.0,1.0,0.0,0.0,2.0,0.0,-0.611764705882353,-0.11764705882352941,8.470588235294118,131.8435294117647,17.0
7wlz,P,AVEMVRGLGADPEYGMDV,2.0,1.0,0.0,2.0,0.0,0.0,2.0,3.0,0.0,0.0,1.0,0.0,2.0,0.0,1.0,0.0,0.0,0.0,1.0,3.0,0.06666666666666668,-0.16666666666666666,8.472222222222221,123.07833333333332,18.0
7jmp,H,AHVDTAMVESGAFDI,3.0,0.0,0.0,2.0,0.0,0.0,1.0,1.0,1.0,1.0,0.0,0.0,1.0,1.0,0.0,1.0,1.0,0.0,0.0,2.0,0.49333333333333335,-0.13333333333333333,8.513333333333334,120.994,15.0
7mw2,F,EGHRVGPAY,1.0,1.0,0.0,0.0,0.0,0.0,1.0,2.0,1.0,0.0,0.0,0.0,0.0,0.0,1.0,0.0,0.0,0.0,1.0,1.0,-0.9888888888888889,0.1111111111111111,8.822222222222223,125.46555555555557,9.0
7mzh,B,SYYDY,0.0,0.0,0.0,1.0,0.0,0.0,0.0,0.0,0.0,0.0,0.0,0.0,0.0,0.0,0.0,1.0,0.0,0.0,3.0,0.0,-1.64,-0.2,8.16,156.352,5.0
6xkp,M,ARGSSGWYRIGTRWGNWFDP,1.0,3.0,1.0,1.0,0.0,0.0,0.0,4.0,0.0,1.0,0.0,0.0,0.0,1.0,1.0,2.0,1.0,3.0,1.0,0.0,-1.0450000000000002,0.1,8.4,135.593,20.0
7jv6,F,SSGYSGYAGNY,1.0,0.0,1.0,0.0,0.0,0.0,0.0,3.0,0.0,0.0,0.0,0.0,0.0,0.0,0.0,3.0,0.0,0.0,3.0,0.0,-0.8363636363636364,0.0,8.445454545454545,118.66,11.0
7lxw,H,AFPDSSSWSGFTIDY,1.0,0.0,0.0,2.0,0.0,0.0,0.0,1.0,0.0,1.0,0.0,0.0,0.0,2.0,1.0,4.0,1.0,1.0,1.0,0.0,-0.21333333333333337,-0.13333333333333333,8.246666666666666,128.796,15.0
7qez,E,GSGISTPMDV,0.0,0.0,0.0,1.0,0.0,0.0,0.0,2.0,0.0,1.0,0.0,0.0,1.0,0.0,1.0,2.0,1.0,0.0,0.0,1.0,0.24,-0.1,8.28,112.52000000000001,10.0
7zf8,H,DLMVYGIDV,0.0,0.0,0.0,2.0,0.0,0.0,0.0,1.0,0.0,1.0,1.0,0.0,1.0,0.0,0.0,0.0,0.0,0.0,1.0,2.0,1.1,-0.2222222222222222,7.644444444444444,129.8122222222222,9.0
7e86,A,DAQNYGMDV,1.0,0.0,1.0,2.0,0.0,1.0,0.0,1.0,0.0,0.0,0.0,0.0,1.0,0.0,0.0,0.0,0.0,0.0,1.0,1.0,-0.8666666666666667,-0.2222222222222222,9.222222222222221,128.46444444444444,9.0
7l7e,T,PYCSSISCNDGFDI,0.0,0.0,1.0,2.0,2.0,0.0,0.0,1.0,0.0,2.0,0.0,0.0,0.0,1.0,1.0,3.0,0.0,0.0,1.0,0.0,0.04285714285714282,-0.14285714285714285,8.214285714285714,125.34357142857142,14.0
7q0i,H,SYCSGGFCFGYYYGLDV,0.0,0.0,0.0,1.0,2.0,0.0,0.0,4.0,0.0,0.0,1.0,0.0,0.0,2.0,0.0,2.0,0.0,0.0,4.0,1.0,0.39411764705882346,-0.058823529411764705,7.31764705882353,128.7835294117647,17.0
7jx3,H,GDSSGYYYYFDY,0.0,0.0,0.0,2.0,0.0,0.0,0.0,2.0,0.0,0.0,0.0,0.0,0.0,1.0,0.0,2.0,0.0,0.0,5.0,0.0,-1.0916666666666668,-0.16666666666666666,8.216666666666667,141.47166666666666,12.0
7n8h,E,AAPFYDFWSGYSYFDY,2.0,0.0,0.0,2.0,0.0,0.0,0.0,1.0,0.0,0.0,0.0,0.0,0.0,3.0,1.0,2.0,0.0,1.0,4.0,0.0,-0.29375000000000007,-0.125,7.7125,141.8325,16.0
7cm4,H,IPGFLRYRNRYYYYGMDV,0.0,3.0,1.0,1.0,0.0,0.0,0.0,2.0,0.0,1.0,1.0,0.0,1.0,1.0,1.0,0.0,0.0,0.0,5.0,1.0,-0.6777777777777778,0.1111111111111111,7.777777777777778,147.385,18.0
7n3i,H,DLYSSGGTDI,0.0,0.0,0.0,2.0,0.0,0.0,0.0,2.0,0.0,1.0,1.0,0.0,0.0,0.0,0.0,2.0,1.0,0.0,1.0,0.0,-0.31000000000000005,-0.2,8.73,118.917,10.0
7nx8,H,DGGKLWVYYFDY,0.0,0.0,0.0,2.0,0.0,0.0,0.0,2.0,0.0,0.0,1.0,1.0,0.0,1.0,0.0,0.0,0.0,1.0,3.0,1.0,-0.47500000000000003,-0.08333333333333333,7.941666666666666,143.65333333333334,12.0
7uap,M,PQYHYYDTSTYHSYGFDI,0.0,0.0,0.0,2.0,0.0,1.0,0.0,1.0,2.0,1.0,0.0,0.0,0.0,1.0,1.0,2.0,2.0,0.0,5.0,0.0,-1.1722222222222223,0.0,8.405555555555557,142.42222222222222,18.0
7sob,G,DYTRGAWFGESLIGGFDN,1.0,1.0,1.0,2.0,0.0,0.0,1.0,4.0,0.0,1.0,1.0,0.0,0.0,2.0,0.0,1.0,1.0,1.0,1.0,0.0,-0.45000000000000007,-0.1111111111111111,8.577777777777778,128.40944444444443,18.0
7kzb,A,GSGISTPMDV,0.0,0.0,0.0,1.0,0.0,0.0,0.0,2.0,0.0,1.0,0.0,0.0,1.0,0.0,1.0,2.0,1.0,0.0,0.0,1.0,0.24,-0.1,8.28,112.52000000000001,10.0
7f6z,H,DAAVYGIDV,2.0,0.0,0.0,2.0,0.0,0.0,0.0,1.0,0.0,1.0,0.0,0.0,0.0,0.0,0.0,0.0,0.0,0.0,1.0,2.0,0.8666666666666667,-0.2222222222222222,8.266666666666667,118.45666666666665,9.0
7z0x,H,LVGALTNIVVSGDGGAFDI,2.0,0.0,1.0,2.0,0.0,0.0,0.0,4.0,0.0,2.0,2.0,0.0,0.0,1.0,0.0,1.0,1.0,0.0,0.0,3.0,1.1578947368421053,-0.10526315789473684,7.93157894736842,112.75315789473684,19.0
7m7b,H,RWWLRGAFDI,1.0,2.0,0.0,1.0,0.0,0.0,0.0,1.0,0.0,1.0,1.0,0.0,0.0,1.0,0.0,0.0,0.0,2.0,0.0,0.0,-0.18000000000000002,0.1,7.720000000000001,148.165,10.0
7nx9,A,GEGSPGNWFDP,0.0,0.0,1.0,1.0,0.0,0.0,1.0,3.0,0.0,0.0,0.0,0.0,0.0,1.0,2.0,1.0,0.0,1.0,0.0,0.0,-1.2545454545454546,-0.18181818181818182,9.063636363636364,122.02999999999999,11.0
6xc4,H,DFGDFYFDY,0.0,0.0,0.0,3.0,0.0,0.0,0.0,1.0,0.0,0.0,0.0,0.0,0.0,3.0,0.0,0.0,0.0,0.0,2.0,0.0,-0.5666666666666668,-0.3333333333333333,8.444444444444445,148.03555555555556,9.0
7s4s,H,DLEVAGAIDY,2.0,0.0,0.0,2.0,0.0,0.0,1.0,1.0,0.0,1.0,1.0,0.0,0.0,0.0,0.0,0.0,0.0,0.0,1.0,1.0,0.39,-0.3,8.57,122.726,10.0
7ly3,F,AVAGEWYFDY,2.0,0.0,0.0,1.0,0.0,0.0,1.0,1.0,0.0,0.0,0.0,0.0,0.0,1.0,0.0,0.0,0.0,1.0,2.0,1.0,-0.030000000000000006,-0.2,7.94,138.243,10.0
7bep,D,GGVLRFLEWPLNAFDI,1.0,1.0,1.0,1.0,0.0,0.0,1.0,2.0,0.0,1.0,3.0,0.0,0.0,2.0,1.0,0.0,0.0,1.0,0.0,1.0,0.575,-0.0625,7.6937500000000005,132.334375,16.0
7ben,G,DVVVVVAARNHYYNGMDV,2.0,1.0,2.0,2.0,0.0,0.0,0.0,1.0,1.0,0.0,0.0,0.0,1.0,0.0,0.0,0.0,0.0,0.0,2.0,6.0,0.33333333333333337,0.0,8.266666666666667,129.30777777777777,18.0
7ly2,F,AAPFYDFWSGYSYFDY,2.0,0.0,0.0,2.0,0.0,0.0,0.0,1.0,0.0,0.0,0.0,0.0,0.0,3.0,1.0,2.0,0.0,1.0,4.0,0.0,-0.29375000000000007,-0.125,7.7125,141.8325,16.0
7msq,D,EMRRGYSGYDYWDLYAFDI,1.0,2.0,0.0,3.0,0.0,0.0,1.0,2.0,0.0,1.0,1.0,0.0,1.0,1.0,0.0,1.0,0.0,1.0,4.0,0.0,-0.8368421052631579,-0.10526315789473684,8.357894736842105,144.46736842105264,19.0
7k9z,H,DRGDTIDY,0.0,1.0,0.0,3.0,0.0,0.0,0.0,1.0,0.0,1.0,0.0,0.0,0.0,0.0,0.0,0.0,1.0,0.0,1.0,0.0,-1.6125,-0.25,9.8125,135.00625,8.0
7chc,H,DYGDYYFDY,0.0,0.0,0.0,3.0,0.0,0.0,0.0,1.0,0.0,0.0,0.0,0.0,0.0,1.0,0.0,0.0,0.0,0.0,4.0,0.0,-1.4777777777777779,-0.3333333333333333,8.666666666666666,151.5911111111111,9.0
7e7x,H,GPAIAAAETNWFDL,4.0,0.0,1.0,1.0,0.0,0.0,1.0,1.0,0.0,1.0,1.0,0.0,0.0,1.0,1.0,0.0,1.0,1.0,0.0,0.0,0.29999999999999993,-0.14285714285714285,8.257142857142856,122.12785714285714,14.0
7kqb,K,LITMVRGEDY,0.0,1.0,0.0,1.0,0.0,0.0,1.0,1.0,0.0,1.0,1.0,0.0,1.0,0.0,0.0,0.0,1.0,0.0,1.0,1.0,0.04999999999999999,-0.1,8.129999999999999,135.851,10.0
7fcp,H,EARGYYDRSGYYHPGYFDY,1.0,2.0,0.0,2.0,0.0,0.0,1.0,3.0,1.0,0.0,0.0,0.0,0.0,1.0,1.0,1.0,0.0,0.0,6.0,0.0,-1.5526315789473684,0.0,8.65263157894737,142.30210526315787,19.0
7vyr,H,ETEQGGMDV,0.0,0.0,0.0,1.0,0.0,1.0,2.0,2.0,0.0,0.0,0.0,0.0,1.0,0.0,0.0,0.0,1.0,0.0,0.0,1.0,-1.0444444444444445,-0.3333333333333333,9.588888888888889,123.23666666666668,9.0
7e7y,C,LINHYYDSGDGGAFDI,1.0,0.0,1.0,3.0,0.0,0.0,0.0,3.0,1.0,2.0,1.0,0.0,0.0,1.0,0.0,1.0,0.0,0.0,2.0,0.0,-0.275,-0.125,8.6375,126.690625,16.0
7wr8,A,DRFPLSDPYVWGSPLGGLDV,0.0,1.0,0.0,3.0,0.0,0.0,0.0,3.0,0.0,0.0,3.0,0.0,0.0,1.0,3.0,2.0,0.0,1.0,1.0,2.0,-0.11000000000000006,-0.1,8.11,126.63499999999999,20.0
7or9,H,DGGILTGYLDYFDH,0.0,0.0,0.0,3.0,0.0,0.0,0.0,3.0,1.0,1.0,2.0,0.0,0.0,1.0,0.0,0.0,1.0,0.0,2.0,0.0,-0.23571428571428577,-0.14285714285714285,8.4,129.9907142857143,14.0
7kfy,H,GDVSGYRYGLDY,0.0,1.0,0.0,2.0,0.0,0.0,0.0,3.0,0.0,0.0,1.0,0.0,0.0,0.0,0.0,1.0,0.0,0.0,3.0,1.0,-0.7833333333333333,-0.08333333333333333,8.508333333333333,130.21583333333334,12.0
7bnv,H,HPSPYYYGSGSYSGGFDY,0.0,0.0,0.0,1.0,0.0,0.0,0.0,4.0,1.0,0.0,0.0,0.0,0.0,1.0,2.0,4.0,0.0,0.0,5.0,0.0,-1.0222222222222224,0.0,8.244444444444445,128.35000000000002,18.0
7r6w,A,DYTRGAWFGESLIGGFDN,1.0,1.0,1.0,2.0,0.0,0.0,1.0,4.0,0.0,1.0,1.0,0.0,0.0,2.0,0.0,1.0,1.0,1.0,1.0,0.0,-0.45000000000000007,-0.1111111111111111,8.577777777777778,128.40944444444443,18.0
7qny,H,DLGSGDMDV,0.0,0.0,0.0,3.0,0.0,0.0,0.0,2.0,0.0,0.0,1.0,0.0,1.0,0.0,0.0,1.0,0.0,0.0,0.0,1.0,-0.24444444444444446,-0.3333333333333333,9.18888888888889,116.89555555555555,9.0
7f7e,C,SLIYGHYDILTGAYYFDY,1.0,0.0,0.0,2.0,0.0,0.0,0.0,2.0,1.0,2.0,2.0,0.0,0.0,1.0,0.0,1.0,1.0,0.0,5.0,0.0,0.12222222222222218,-0.05555555555555555,7.594444444444444,137.8122222222222,18.0
7np1,I,GEGGSIVGVTSDY,0.0,0.0,0.0,1.0,0.0,0.0,1.0,4.0,0.0,1.0,0.0,0.0,0.0,0.0,0.0,2.0,1.0,0.0,1.0,2.0,0.05384615384615386,-0.15384615384615385,8.576923076923077,112.03615384615385,13.0
7czw,H,ERCYYGSGRAPRCVWFDP,1.0,3.0,0.0,1.0,2.0,0.0,1.0,2.0,0.0,0.0,0.0,0.0,0.0,1.0,2.0,1.0,0.0,1.0,2.0,1.0,-0.8333333333333334,0.05555555555555555,8.222222222222221,137.14777777777778,18.0
7m3i,H,SQRPDGNLYYFDY,0.0,1.0,1.0,2.0,0.0,1.0,0.0,1.0,0.0,0.0,1.0,0.0,0.0,1.0,1.0,1.0,0.0,0.0,3.0,0.0,-1.4307692307692308,-0.07692307692307693,8.73076923076923,142.60692307692307,13.0
7u2e,H,DFSGHTAVAGTGFEY,2.0,0.0,0.0,1.0,0.0,0.0,1.0,3.0,1.0,0.0,0.0,0.0,0.0,2.0,0.0,1.0,2.0,0.0,1.0,1.0,-0.10000000000000003,-0.06666666666666667,8.52,120.722,15.0
7u2d,H,DFSGHTAWAGTGFEY,2.0,0.0,0.0,1.0,0.0,0.0,1.0,3.0,1.0,0.0,0.0,0.0,0.0,2.0,0.0,1.0,2.0,1.0,1.0,0.0,-0.44000000000000006,-0.06666666666666667,8.486666666666666,126.52733333333332,15.0
7cjf,A,DLQELGSLDY,0.0,0.0,0.0,2.0,0.0,1.0,1.0,1.0,0.0,0.0,3.0,0.0,0.0,0.0,0.0,1.0,0.0,0.0,1.0,0.0,-0.51,-0.3,8.790000000000001,131.434,10.0
7mzf,H,DRGDYLFDY,0.0,1.0,0.0,3.0,0.0,0.0,0.0,1.0,0.0,0.0,1.0,0.0,0.0,1.0,0.0,0.0,0.0,0.0,2.0,0.0,-1.2666666666666666,-0.2222222222222222,9.0,145.25666666666666,9.0
7lm8,H,PPRNYYDRSGYYQRAEYFQH,1.0,3.0,1.0,1.0,0.0,2.0,1.0,1.0,1.0,0.0,0.0,0.0,0.0,1.0,2.0,1.0,0.0,0.0,5.0,0.0,-2.025,0.1,8.915000000000001,147.653,20.0
7lxy,F,AAPFYDFWSGYSYFDY,2.0,0.0,0.0,2.0,0.0,0.0,0.0,1.0,0.0,0.0,0.0,0.0,0.0,3.0,1.0,2.0,0.0,1.0,4.0,0.0,-0.29375000000000007,-0.125,7.7125,141.8325,16.0
7wph,E,DRAGGTYSGFDF,1.0,1.0,0.0,2.0,0.0,0.0,0.0,3.0,0.0,0.0,0.0,0.0,0.0,2.0,0.0,1.0,1.0,0.0,1.0,0.0,-0.6749999999999999,-0.08333333333333333,8.833333333333334,124.20666666666666,12.0
7urq,H,DLEVAGAIDY,2.0,0.0,0.0,2.0,0.0,0.0,1.0,1.0,0.0,1.0,1.0,0.0,0.0,0.0,0.0,0.0,0.0,0.0,1.0,1.0,0.39,-0.3,8.57,122.726,10.0
7n8i,H,LKDSRYSGSYYDY,0.0,1.0,0.0,2.0,0.0,0.0,0.0,1.0,0.0,0.0,1.0,1.0,0.0,0.0,0.0,3.0,0.0,0.0,4.0,0.0,-1.5076923076923079,0.0,8.776923076923076,140.98923076923077,13.0
7czt,I,WFHTGGYFDY,0.0,0.0,0.0,1.0,0.0,0.0,0.0,2.0,1.0,0.0,0.0,0.0,0.0,2.0,0.0,0.0,1.0,1.0,2.0,0.0,-0.6100000000000001,0.0,7.82,145.451,10.0
7bz5,H,EAYGMDV,1.0,0.0,0.0,1.0,0.0,0.0,1.0,1.0,0.0,0.0,0.0,0.0,1.0,0.0,0.0,0.0,0.0,0.0,1.0,1.0,-0.11428571428571428,-0.2857142857142857,8.6,127.42,7.0
7r6x,H,GDSSGYYYYFDY,0.0,0.0,0.0,2.0,0.0,0.0,0.0,2.0,0.0,0.0,0.0,0.0,0.0,1.0,0.0,2.0,0.0,0.0,5.0,0.0,-1.0916666666666668,-0.16666666666666666,8.216666666666667,141.47166666666666,12.0
7lop,W,GSGISTPMDV,0.0,0.0,0.0,1.0,0.0,0.0,0.0,2.0,0.0,1.0,0.0,0.0,1.0,0.0,1.0,2.0,1.0,0.0,0.0,1.0,0.24,-0.1,8.28,112.52000000000001,10.0
7chs,H,DRDYYGMDV,0.0,1.0,0.0,3.0,0.0,0.0,0.0,1.0,0.0,0.0,0.0,0.0,1.0,0.0,0.0,0.0,0.0,0.0,2.0,1.0,-1.3222222222222222,-0.2222222222222222,9.166666666666666,141.92333333333332,9.0
7cdi,H,DLVVYGMDV,0.0,0.0,0.0,2.0,0.0,0.0,0.0,1.0,0.0,0.0,1.0,0.0,1.0,0.0,0.0,0.0,0.0,0.0,1.0,3.0,1.0666666666666667,-0.2222222222222222,7.722222222222222,128.25444444444443,9.0
7kqe,J,RWWLRGAFDI,1.0,2.0,0.0,1.0,0.0,0.0,0.0,1.0,0.0,1.0,1.0,0.0,0.0,1.0,0.0,0.0,0.0,2.0,0.0,0.0,-0.18000000000000002,0.1,7.720000000000001,148.165,10.0
7nd9,H,PHCNSTSCYDAFDI,1.0,0.0,1.0,2.0,2.0,0.0,0.0,0.0,1.0,1.0,0.0,0.0,0.0,1.0,1.0,2.0,1.0,0.0,1.0,0.0,-0.3428571428571429,-0.07142857142857142,8.47857142857143,129.06071428571428,14.0
7fjs,C,DGENVLDY,0.0,0.0,1.0,2.0,0.0,0.0,1.0,1.0,0.0,0.0,1.0,0.0,0.0,0.0,0.0,0.0,0.0,0.0,1.0,1.0,-0.9625,-0.375,9.4875,131.25375,8.0
7bwj,H,AVVGIVVVPAAGRRAFDI,4.0,2.0,0.0,1.0,0.0,0.0,0.0,2.0,0.0,2.0,0.0,0.0,0.0,1.0,1.0,0.0,0.0,0.0,0.0,5.0,1.3944444444444446,0.05555555555555555,7.638888888888889,117.57833333333332,18.0
7xh8,B,PSCSRTICSDGFDI,0.0,1.0,0.0,2.0,2.0,0.0,0.0,1.0,0.0,2.0,0.0,0.0,0.0,1.0,1.0,3.0,1.0,0.0,0.0,0.0,0.01428571428571426,-0.07142857142857142,8.307142857142857,123.91571428571429,14.0
7urs,H,DLEVAGAIDY,2.0,0.0,0.0,2.0,0.0,0.0,1.0,1.0,0.0,1.0,1.0,0.0,0.0,0.0,0.0,0.0,0.0,0.0,1.0,1.0,0.39,-0.3,8.57,122.726,10.0
7kmh,A,SPYGGNS,0.0,0.0,1.0,0.0,0.0,0.0,0.0,2.0,0.0,0.0,0.0,0.0,0.0,0.0,1.0,2.0,0.0,0.0,1.0,0.0,-1.2571428571428573,0.0,8.885714285714284,112.67999999999999,7.0
7nx6,H,DGGKLWVYYFDY,0.0,0.0,0.0,2.0,0.0,0.0,0.0,2.0,0.0,0.0,1.0,1.0,0.0,1.0,0.0,0.0,0.0,1.0,3.0,1.0,-0.47500000000000003,-0.08333333333333333,7.941666666666666,143.65333333333334,12.0
7cr5,H,ETGDYSSSWYDS,0.0,0.0,0.0,2.0,0.0,0.0,1.0,1.0,0.0,0.0,0.0,0.0,0.0,0.0,0.0,4.0,1.0,1.0,2.0,0.0,-1.5250000000000001,-0.25,9.208333333333334,132.87416666666667,12.0
7f6y,H,DAAVYGIDV,2.0,0.0,0.0,2.0,0.0,0.0,0.0,1.0,0.0,1.0,0.0,0.0,0.0,0.0,0.0,0.0,0.0,0.0,1.0,2.0,0.8666666666666667,-0.2222222222222222,8.266666666666667,118.45666666666665,9.0
7q6e,H,VSQWALILF,1.0,0.0,0.0,0.0,0.0,1.0,0.0,0.0,0.0,1.0,2.0,0.0,0.0,1.0,0.0,1.0,0.0,1.0,0.0,1.0,1.7444444444444445,0.0,6.588888888888889,135.6011111111111,9.0
7q0g,H,DHVRPGMNI,0.0,1.0,1.0,1.0,0.0,0.0,0.0,1.0,1.0,1.0,0.0,0.0,1.0,0.0,1.0,0.0,0.0,0.0,0.0,1.0,-0.6777777777777778,0.1111111111111111,8.81111111111111,131.36777777777777,9.0
6xc3,H,GSGISTPMDV,0.0,0.0,0.0,1.0,0.0,0.0,0.0,2.0,0.0,1.0,0.0,0.0,1.0,0.0,1.0,2.0,1.0,0.0,0.0,1.0,0.24,-0.1,8.28,112.52000000000001,10.0
7neh,H,DFYEGSFDI,0.0,0.0,0.0,2.0,0.0,0.0,1.0,1.0,0.0,1.0,0.0,0.0,0.0,2.0,0.0,1.0,0.0,0.0,1.0,0.0,-0.32222222222222224,-0.3333333333333333,8.7,137.35888888888888,9.0
7z0y,H,VADTAMVPEWYFDL,2.0,0.0,0.0,2.0,0.0,0.0,1.0,0.0,0.0,0.0,1.0,0.0,1.0,1.0,1.0,0.0,1.0,1.0,1.0,2.0,0.39285714285714285,-0.21428571428571427,7.878571428571428,135.075,14.0
7d00,J,ETLAFDY,1.0,0.0,0.0,1.0,0.0,0.0,1.0,0.0,0.0,0.0,1.0,0.0,0.0,1.0,0.0,0.0,1.0,0.0,1.0,0.0,-0.08571428571428576,-0.2857142857142857,8.328571428571427,137.99857142857144,7.0
7kmg,A,GYYEARHYYYYYAMDV,2.0,1.0,0.0,1.0,0.0,0.0,1.0,1.0,1.0,0.0,0.0,0.0,1.0,0.0,0.0,0.0,0.0,0.0,7.0,1.0,-0.90625,0.0,7.9,149.84562499999998,16.0
7klh,H,SYYYGGFGMDY,0.0,0.0,0.0,1.0,0.0,0.0,0.0,3.0,0.0,0.0,0.0,0.0,1.0,1.0,0.0,1.0,0.0,0.0,4.0,0.0,-0.5454545454545455,-0.09090909090909091,7.718181818181819,136.59636363636363,11.0
7jmw,H,PPRNYYDRSGYYQRAEYFQH,1.0,3.0,1.0,1.0,0.0,2.0,1.0,1.0,1.0,0.0,0.0,0.0,0.0,1.0,2.0,1.0,0.0,0.0,5.0,0.0,-2.025,0.1,8.915000000000001,147.653,20.0
7djz,A,DRFVEPATGPFFDY,1.0,1.0,0.0,2.0,0.0,0.0,1.0,1.0,0.0,0.0,0.0,0.0,0.0,3.0,2.0,0.0,1.0,0.0,1.0,1.0,-0.4428571428571429,-0.14285714285714285,8.442857142857143,135.3557142857143,14.0
7sbu,H,RAIDSDTYVEQSHFDY,1.0,1.0,0.0,3.0,0.0,1.0,1.0,0.0,1.0,1.0,0.0,0.0,0.0,1.0,0.0,2.0,1.0,0.0,2.0,1.0,-1.05,-0.125,9.15625,138.51375,16.0
7lab,Y,SSGPSRLCGGGSCYHSFDY,0.0,1.0,0.0,1.0,2.0,0.0,0.0,4.0,1.0,0.0,1.0,0.0,0.0,1.0,1.0,5.0,0.0,0.0,2.0,0.0,-0.4947368421052632,0.05263157894736842,8.284210526315789,121.2821052631579,19.0
7ps1,A,DLVVYGMDV,0.0,0.0,0.0,2.0,0.0,0.0,0.0,1.0,0.0,0.0,1.0,0.0,1.0,0.0,0.0,0.0,0.0,0.0,1.0,3.0,1.0666666666666667,-0.2222222222222222,7.722222222222222,128.25444444444443,9.0
7s0b,C,DLWGSGFFAFDV,1.0,0.0,0.0,2.0,0.0,0.0,0.0,2.0,0.0,0.0,1.0,0.0,0.0,3.0,0.0,1.0,0.0,1.0,0.0,1.0,0.725,-0.16666666666666666,7.758333333333333,129.88666666666666,12.0
7ps4,B,SRVGATGGYYDYYMDV,1.0,1.0,0.0,2.0,0.0,0.0,0.0,3.0,0.0,0.0,0.0,0.0,1.0,0.0,0.0,1.0,1.0,0.0,4.0,2.0,-0.45625,-0.0625,8.23125,130.44875,16.0
7pr0,C,PGGITAAGTSVLFGYYGMDV,2.0,0.0,0.0,1.0,0.0,0.0,0.0,5.0,0.0,1.0,1.0,0.0,1.0,1.0,1.0,1.0,2.0,0.0,2.0,2.0,0.655,-0.05,7.69,115.92549999999999,20.0
7so9,E,AAPFYDFWSGYSYFDY,2.0,0.0,0.0,2.0,0.0,0.0,0.0,1.0,0.0,0.0,0.0,0.0,0.0,3.0,1.0,2.0,0.0,1.0,4.0,0.0,-0.29375000000000007,-0.125,7.7125,141.8325,16.0
7kfx,H,GDVSGYRYGLDY,0.0,1.0,0.0,2.0,0.0,0.0,0.0,3.0,0.0,0.0,1.0,0.0,0.0,0.0,0.0,1.0,0.0,0.0,3.0,1.0,-0.7833333333333333,-0.08333333333333333,8.508333333333333,130.21583333333334,12.0
7bem,H,DFYEGSFDI,0.0,0.0,0.0,2.0,0.0,0.0,1.0,1.0,0.0,1.0,0.0,0.0,0.0,2.0,0.0,1.0,0.0,0.0,1.0,0.0,-0.32222222222222224,-0.3333333333333333,8.7,137.35888888888888,9.0
7chb,H,DLGEAGGMDV,1.0,0.0,0.0,2.0,0.0,0.0,1.0,3.0,0.0,0.0,1.0,0.0,1.0,0.0,0.0,0.0,0.0,0.0,0.0,1.0,-1.1102230246251566e-17,-0.3,8.99,112.51599999999999,10.0
7mzm,H,SPPTSDWYDSPAYNNYYMDV,1.0,0.0,2.0,3.0,0.0,0.0,0.0,0.0,0.0,0.0,0.0,0.0,1.0,0.0,3.0,3.0,1.0,1.0,4.0,1.0,-1.1800000000000002,-0.15,8.615,136.388,20.0
7b0b,H,PHCSSTICYDGFDI,0.0,0.0,0.0,2.0,2.0,0.0,0.0,1.0,1.0,2.0,0.0,0.0,0.0,1.0,1.0,2.0,1.0,0.0,1.0,0.0,0.07142857142857138,-0.07142857142857142,8.085714285714285,127.99142857142856,14.0
7b3o,H,DVADAFDI,2.0,0.0,0.0,3.0,0.0,0.0,0.0,0.0,0.0,1.0,0.0,0.0,0.0,1.0,0.0,0.0,0.0,0.0,0.0,1.0,0.575,-0.375,8.9375,123.87375,8.0
7mzi,H,VGWGAFDI,1.0,0.0,0.0,1.0,0.0,0.0,0.0,2.0,0.0,1.0,0.0,0.0,0.0,1.0,0.0,0.0,0.0,1.0,0.0,1.0,1.0125,-0.125,7.6,123.75874999999999,8.0
7ly0,H,AVAGEWYFDY,2.0,0.0,0.0,1.0,0.0,0.0,1.0,1.0,0.0,0.0,0.0,0.0,0.0,1.0,0.0,0.0,0.0,1.0,2.0,1.0,-0.030000000000000006,-0.2,7.94,138.243,10.0
7sd5,H,TFPSYYDRSGYHYLNYGMDV,0.0,1.0,1.0,2.0,0.0,0.0,0.0,2.0,1.0,0.0,1.0,0.0,1.0,1.0,1.0,2.0,1.0,0.0,5.0,1.0,-0.835,0.0,8.209999999999999,139.546,20.0
7nxb,A,GEGSPGNWFDP,0.0,0.0,1.0,1.0,0.0,0.0,1.0,3.0,0.0,0.0,0.0,0.0,0.0,1.0,2.0,1.0,0.0,1.0,0.0,0.0,-1.2545454545454546,-0.18181818181818182,9.063636363636364,122.02999999999999,11.0
7qf0,H,DGDYYGMDV,0.0,0.0,0.0,3.0,0.0,0.0,0.0,2.0,0.0,0.0,0.0,0.0,1.0,0.0,0.0,0.0,0.0,0.0,2.0,1.0,-0.8666666666666667,-0.3333333333333333,9.0,130.9088888888889,9.0
7e3o,H,GLGLRFLEWPISSY,0.0,1.0,0.0,0.0,0.0,0.0,1.0,2.0,0.0,1.0,3.0,0.0,0.0,1.0,1.0,2.0,0.0,1.0,1.0,0.0,0.32142857142857134,0.0,7.421428571428572,133.71928571428572,14.0
7ch5,H,DYGDYYFDY,0.0,0.0,0.0,3.0,0.0,0.0,0.0,1.0,0.0,0.0,0.0,0.0,0.0,1.0,0.0,0.0,0.0,0.0,4.0,0.0,-1.4777777777777779,-0.3333333333333333,8.666666666666666,151.5911111111111,9.0
7t01,H,GLFSSSDWGGLDV,0.0,0.0,0.0,2.0,0.0,0.0,0.0,3.0,0.0,0.0,2.0,0.0,0.0,1.0,0.0,3.0,0.0,1.0,0.0,1.0,0.23846153846153845,-0.15384615384615385,8.223076923076924,119.66076923076922,13.0
7m71,H,LITMVRGEDY,0.0,1.0,0.0,1.0,0.0,0.0,1.0,1.0,0.0,1.0,1.0,0.0,1.0,0.0,0.0,0.0,1.0,0.0,1.0,1.0,0.04999999999999999,-0.1,8.129999999999999,135.851,10.0
7kn3,M,EYYYGMDV,0.0,0.0,0.0,1.0,0.0,0.0,1.0,1.0,0.0,0.0,0.0,0.0,1.0,0.0,0.0,0.0,0.0,0.0,3.0,1.0,-0.65,-0.25,8.0625,145.65375,8.0
7czq,J,EGPKSITGTAFDI,1.0,0.0,0.0,1.0,0.0,0.0,1.0,2.0,0.0,2.0,0.0,1.0,0.0,1.0,1.0,1.0,2.0,0.0,0.0,0.0,-0.14615384615384616,-0.07692307692307693,8.669230769230769,119.35692307692307,13.0
7e5o,H,GWDLDYYYGMDV,0.0,0.0,0.0,3.0,0.0,0.0,0.0,2.0,0.0,0.0,1.0,0.0,1.0,0.0,0.0,0.0,0.0,1.0,3.0,1.0,-0.5166666666666667,-0.25,8.125,141.23083333333332,12.0
7enf,P,DTEDCSSTTCYVDY,0.0,0.0,0.0,3.0,2.0,0.0,1.0,0.0,0.0,0.0,0.0,0.0,0.0,0.0,0.0,2.0,3.0,0.0,2.0,1.0,-0.7928571428571428,-0.2857142857142857,8.914285714285715,131.12857142857143,14.0
6xe1,H,DLDVSGGMDV,0.0,0.0,0.0,3.0,0.0,0.0,0.0,2.0,0.0,0.0,1.0,0.0,1.0,0.0,0.0,1.0,0.0,0.0,0.0,2.0,0.2,-0.3,8.86,116.921,10.0
7kmi,A,EVAGTYDY,1.0,0.0,0.0,1.0,0.0,0.0,1.0,1.0,0.0,0.0,0.0,0.0,0.0,0.0,0.0,0.0,1.0,0.0,2.0,1.0,-0.5875,-0.25,8.6625,130.38,8.0
7n3c,H,LSVRVWFGELPHYGMDV,0.0,1.0,0.0,1.0,0.0,0.0,1.0,2.0,1.0,0.0,2.0,0.0,1.0,1.0,1.0,1.0,0.0,1.0,1.0,3.0,0.2823529411764706,0.0,7.729411764705882,134.91529411764705,17.0
7mf1,H,EGRRYGSGWYISTGYFDY,0.0,2.0,0.0,1.0,0.0,0.0,1.0,4.0,0.0,1.0,0.0,0.0,0.0,1.0,0.0,2.0,1.0,1.0,4.0,0.0,-1.0388888888888888,0.0,8.327777777777778,137.97555555555556,18.0
7fcq,H,EARGYYDRSGYYHPGYFDY,1.0,2.0,0.0,2.0,0.0,0.0,1.0,3.0,1.0,0.0,0.0,0.0,0.0,1.0,1.0,1.0,0.0,0.0,6.0,0.0,-1.5526315789473684,0.0,8.65263157894737,142.30210526315787,19.0
7ek0,H,DAAVYGIDV,2.0,0.0,0.0,2.0,0.0,0.0,0.0,1.0,0.0,1.0,0.0,0.0,0.0,0.0,0.0,0.0,0.0,0.0,1.0,2.0,0.8666666666666667,-0.2222222222222222,8.266666666666667,118.45666666666665,9.0
7e8m,H,DLVVYGMDV,0.0,0.0,0.0,2.0,0.0,0.0,0.0,1.0,0.0,0.0,1.0,0.0,1.0,0.0,0.0,0.0,0.0,0.0,1.0,3.0,1.0666666666666667,-0.2222222222222222,7.722222222222222,128.25444444444443,9.0
7n4j,H,ERPPFDVVVVPAARPYNWFDP,2.0,2.0,1.0,2.0,0.0,0.0,1.0,0.0,0.0,0.0,0.0,0.0,0.0,2.0,5.0,0.0,0.0,1.0,1.0,4.0,-0.34285714285714286,-0.047619047619047616,8.223809523809523,134.86095238095237,21.0
7beh,H,DMAFSMVRGSFDY,1.0,1.0,0.0,2.0,0.0,0.0,0.0,1.0,0.0,0.0,0.0,0.0,2.0,2.0,0.0,2.0,0.0,0.0,1.0,1.0,0.046153846153846115,-0.07692307692307693,8.146153846153847,133.99076923076925,13.0
7ps6,H,QIGPKRPSQVADWFDP,1.0,1.0,0.0,2.0,0.0,2.0,0.0,1.0,0.0,1.0,0.0,1.0,0.0,1.0,3.0,1.0,0.0,1.0,0.0,1.0,-1.0,0.0,8.8,131.954375,16.0
7bek,H,DLGSGDMDV,0.0,0.0,0.0,3.0,0.0,0.0,0.0,2.0,0.0,0.0,1.0,0.0,1.0,0.0,0.0,1.0,0.0,0.0,0.0,1.0,-0.24444444444444446,-0.3333333333333333,9.18888888888889,116.89555555555555,9.0
7bei,H,DLMVYGIDV,0.0,0.0,0.0,2.0,0.0,0.0,0.0,1.0,0.0,1.0,1.0,0.0,1.0,0.0,0.0,0.0,0.0,0.0,1.0,2.0,1.1,-0.2222222222222222,7.644444444444444,129.8122222222222,9.0
7tly,A,DYTRGAWFGESLIGGFDN,1.0,1.0,1.0,2.0,0.0,0.0,1.0,4.0,0.0,1.0,1.0,0.0,0.0,2.0,0.0,1.0,1.0,1.0,1.0,0.0,-0.45000000000000007,-0.1111111111111111,8.577777777777778,128.40944444444443,18.0
7chp,H,DLQEHGMDV,0.0,0.0,0.0,2.0,0.0,1.0,1.0,1.0,1.0,0.0,1.0,0.0,1.0,0.0,0.0,0.0,0.0,0.0,0.0,1.0,-0.8555555555555556,-0.2222222222222222,9.411111111111111,131.91555555555556,9.0
7n4i,H,LLYYSDSSPLDS,0.0,0.0,0.0,2.0,0.0,0.0,0.0,0.0,0.0,0.0,3.0,0.0,0.0,0.0,1.0,4.0,0.0,0.0,2.0,0.0,-0.25000000000000006,-0.16666666666666666,8.158333333333333,129.79833333333332,12.0
7l7d,H,PYCSSISCNDGFDI,0.0,0.0,1.0,2.0,2.0,0.0,0.0,1.0,0.0,2.0,0.0,0.0,0.0,1.0,1.0,3.0,0.0,0.0,1.0,0.0,0.04285714285714282,-0.14285714285714285,8.214285714285714,125.34357142857142,14.0
7n3d,H,HSRIEVAGTLDFDY,1.0,1.0,0.0,2.0,0.0,0.0,1.0,1.0,1.0,1.0,1.0,0.0,0.0,1.0,0.0,1.0,1.0,0.0,1.0,1.0,-0.3071428571428572,-0.07142857142857142,8.678571428571429,132.63785714285714,14.0
