pdb	heavy_chain	CDR_H3	CDR_H2	CDR_H1
8rmx	E	RFVGTLDV	FWDDD	GFSLDTSGV
8rmy	E	RFVGTLDV	FWDDD	GFSLDTSGV
8znz	F	AIYYYGSSYNYYAMDY	SSGGGY	GFTFSKY
9avo	B	GYGWALDY	YPYYGS	GFNVSYY
9awe	B	GYGWALDY	YPYYGS	GFNVSYY
9dq3	H	TGWLGPFDY	SYDGRH	GFTFSKY
9gox	H	SRGYYGSFYFDI	IPVIDD	GGFFSHY
9goy	H	GLGYYLYSSYYFDI	IPRLDA	GLPDATY
9l1s	C	NLGPSFYFDY	NPNSGG	GFTFSAY
8t6m	B	TTGYCSGGSCYSGWFDP	YWDHN	GFSVNTSGV
8s6z	A	SYGAFDY	SGSGGS	GFTFSSY
8v9d	I	VNYDLLTGRANFFDP	YTSGS	GGYISSGSH
8vc7	J	YYYTRGYPDGMDY	YPSSGY	GFNLYSS
8y31	B	EDVAVYMAIDL	NVYGG	GFSLSSY
9dh2	A	MGEFYFDY	DLSDSE	GYTFTSY
9e6k	H	GWLDV	TYNGT	GFTFSGY
8vgn	A	STYYGGDWYFNV	YPGNGD	GYTFTSY
8vgo	A	STYYGGDWYFNV	YPGNGD	GYTFTSY
8ywq	H	RANYGTSYDYGMDY	WWDDD	GFSLSTSGM
8vgh	H	DPRGYGAALDRLDL	SSAAT	RFSLIGY
8vgi	F	DPRGYGAALDRLDL	SSAAT	RFSLIGY
8vgj	F	DPRGYGAALDRLDL	SSAAT	RFSLIGY
8vgk	F	DPRGYGAALDRLDL	SSAAT	RFSLIGY
8vgp	H	FVFFLPYAMDY	TPAGGY	GFTISDY
9gwt	H	ERPLTGVMDY	WAGGG	GFSLTNY
8vqd	C	YGTYELKSYGSWESLPAFDY	YSAGGY	GFTWSGA
8tbb	H	SWETARILPGAFDI	SGSGRS	GFTFSSY
8tft	I	GSYGTYYGNYFEY	SGSGGS	GFTFSSY
8tnj	D	LIFYMWSSAMDY	SPYSGY	GFNVSSY
8udz	C	PRIAARRGGFGY	SHEGSL	GFTFRSY
8trv	C	YYAMDY	SSYYGY	GFTIYYS
8vui	A	HGYGAMDY	SPYYSY	GFNLRSY
8vvm	A	HGYGAMDY	SPYYSY	GFNLRSY
8vvo	A	HGYGAMDY	SPYYSY	GFNLRSY
8tv1	D	SHYSVWWGWHSVSYYAAFDY	SSYYGS	GFTISSS
8rp8	A	SYGAFDY	SGSGGS	GFTFSSY
8rpb	H	SYGAFDY	SGSGGS	GFTFSSY
8ts0	H	KGRDYGTSHYFDY	FPRSDN	GYTFTNY
8u31	C	AGGAGGGVYTLTRLDL	YAGSSGN	GFSFSSTY
8u32	C	AGGAGGGVYTLTRLDL	YVGSSGN	GFSFSSTY
8urf	H	SRYRNGLDY	FPATGS	GYTFLTY
8r9x	H	VGFCYSSTCPFDY	TDSGGG	GFTFSSY
8tzw	H	TGKYYDFWSGYPPGEEYFQD	KSKTDGGT	GFTFSNA
8u03	H	VQTYYDFWSGYYQQHYYFDY	KSKTDGGT	GFTFSNA
8u08	H	TGKYYDFWSGYPPGEEYFQD	KSKTEGGT	GFTFSNA
8yx1	H	PVVRYFGWFDP	YKSGS	GGSISSPGY
8yx9	H	EGIYW	IPNAGG	GYSFTGY
8ruu	B	PPQYYEGSIYRLWFAH	TYEGRN	GFTFSDY
8uky	H	PSLYGSFDY	NPGSGG	GYAFTNY
8v52	D	APGGSFDY	VSKTYNYA	GFDFNSY
8iow	H	GRDSFDI	SWNSGR	RFTFDDY
8tbq	H	EAGGVLGRVDFQH	SSDADT	GFTFDDY
8r1d	F	HYCSGGSCPFDY	SGSGDS	GVTFSSY
8u4r	H	HGITGARNYYYHYGMDV	STYNGN	GYTFTSY
8jel	C	QTNYDFTMDY	TKGGGS	GFTFSDY
8jen	A	QTNYDFTMDY	TKGGGS	GFTFSDY
8jeo	B	ESTTYDLLAGPFDY	YYRFKWY	GDSVSSNSA
8pwh	B	WGGDGFYAMDY	YPTNGY	GFNIKDT
8jnk	I	GDSWYAMDY	YSSSGY	GFNFSYS
8b7h	H	DARGSGSYYPNHFDY	DPEDGE	GYTFTDY
8r8d	E	ALPRSGYLISPHYYYYALDV	DIPTKG	GFTFSKY
8tui	H	IPSGSYYYDYDMDV	IPIFGA	GGTFSFY
8trs	A	YYAMDY	SSYYGY	GFTIYYS
8trt	A	YYAMDY	SSYYGY	GFTIYYS
8oxv	B	DHYLGSDSYGMDV	SWNSRS	GFTFDDY
8oxw	B	DHYLGSDSYGMDV	SWNSRS	GFTFDDY
8oxx	B	DHYLGSDSYGMDV	SWNSRS	GFTFDDY
8oxy	B	DHYLGSDSYGMDV	SWNSRS	GFTFDDY
8tp2	H	DAPYSDFLSGVETGWFDP	HYSGS	GGSLSTH
8gy5	A	WGNIYFDY	SGGGRD	GFTFSNF
8gye	B	VTGTWYFDV	WPGGS	GSSLTSY
8pg0	H	YYIKRWWLMSWEDYSMGLDY	SSSSGS	GFNFSSS
8szy	A	GVRFALDY	FPYNGG	GYSFTGY
8fgx	B	SLMVTTGAPFDY	YPGDDD	GYAFSSY
7yk4	H	APRWYFSV	YPDNGD	GYTFTDS
7yv1	H	QRYWSKSYFRP	YHSGS	GYSISSGY
7yds	B	DRPDGAATNL	SYVSR	GIDLSSY
8ol9	B	AFGSGSYYNGFDY	SWNSDN	GFIFDDY
8byu	H	EPGERDPDAVDI	IRFLGI	GGTFSSY
8ivw	B	PIYGSREAWFAY	DVEDDE	GFNIKDY
8ivx	H	NSYSSGYYAMDY	WSGGS	GFSLTSY
7zoz	H	WWDYGSSYDYFDY	YCGSDT	GYTFTSY
8pe9	H	ADTGDNGYLGLQL	SYGDT	GNRY
7quh	H	DGSSPYYYSMEY	WAGGS	GFSLTIY
7xjf	A	EGDFYANYGRLGFAY	NPYNDA	GYKFTNY
8f6l	A	DAGAGGVQDYLTL	SDDGT	GFSLWTY
8f6o	A	GDYYDDYVYVYALDI	SYDGI	GFSLSSY
7st5	H	EAGSSWYDFDL	SAYGGE	GYTFRGY
4edw	H	GGYWYATSYYFDY	WGDGT	GFSLIGY
8d7e	F	EFWSAFDL	WYDGIN	GFTFSTS
8il3	B	GETPGTFPY	YPRNGA	GYTFTDY
7wsl	H	PYYAMDY	SGGGSY	GFTFSSY
8ffe	H	GSGHVNAVKNYGYVMDY	TPYGGY	GFTFTNS
8ath	E	ANWDVAFAY	YPGNGD	GYIFTNY
7z2m	B	YPNYGAFDI	YPSDSD	GYSFTSY
7x8t	C	SGYGGSWGGYIADDIDA	DDDGSY	GFTFSSF
7yxu	H	SSYYGSYYSIDY	SSGSGS	GFTFSYG
7wn8	H	GTVYFDY	SAYNGN	GYTFTSY
7ox1	A	AGEGRSWYPGYYYGMDY	ARDGS	GGSITTGYY
7ox3	A	VSAATLFLDY	DYDGS	GGPITTRYY
7df1	H	GYYDILTGSRPIFFDI	NPSGGS	GYTFTSY
8eb2	J	EEITYAMDY	YPGNVN	GYTFTSY
7zxk	H	DGGRTSYTATAHNWFDP	SSSGSY	GFTFRSY
7uvf	H	GYGYYVFDH	DPANDN	GFNIKDT
7s7i	H	WGYGSGGFDY	SYRSRT	GFTFSTY
8e7m	H	DWAMVGADAFDI	SGSGDR	GFTFSSY
7sjn	D	GYDYDYALDY	DPETEG	GYKFTDS
7sjo	E	GYDYDYALDY	DPETEG	GYKFTDS
7ubr	E	PLYDYYAMDY	DPANGY	GFNIKDT
7xw7	A	LDWNYNPLRY	YPGDSD	GYSLTDN
7t9n	H	LEPGYSSTWSVN	DPTDSY	GYRFTSY
7sk3	D	VYPWWYYKYYHGALDY	YSSYGY	GFNFSYS
7sk4	D	VYPWWYYKYYHGALDY	YSSYGY	GFNFSYS
7sk8	D	VYPWWYYKYYHGALDY	YSSYGY	GFNFSYS
7sk9	F	VSYWDWTWGWSKYEGMDY	SPSYGY	GFNISSS
4ypg	H	DPIAAGY	SVYNGN	GYTFTSY
2vxs	J	DLIHGVTRN	SGSGGS	GFTFSSY
7dc8	B	YGKLYSLNWVFDY	SSQSYH	GFTFSSY
3x3f	H	SYGSGSYYRDYYYGMDV	NPDTDS	GYTFTNY
6okm	H	DRLDY	NPGSGD	GYAFTNY
6rp8	h	TGWLGPFDY	SYDGNN	GFTFSSY
3hi6	H	SYDFWSNAFDI	WPSGGN	GFTFSRY
4qhu	B	QLTLDV	SLTSGF	GFTFSSY
6nms	B	ENNRYRFFDD	SGSGEI	GFTFSSY
6vmj	F	EGGFAY	NPTSGG	GYTFTSY
4ers	H	EKDHYDILTGYNYYYGLDV	YYDGSN	GFTFSSY
6r0x	C	SYGSSYGIDY	DPADVY	GFNIKET
5cus	J	VGLGDAFDI	GSSGGV	GFTFSYY
4kxz	Q	TLGLVLDAMDY	IPIVDI	GYTFSSN
5xmh	H	GIASAGTPDYFFY	IPLFGT	GGTFSSY
6rlo	C	AVSGYFPYFDY	SWNSGS	GFTFDDY
6wir	A	DYYDILTDYYIHYWYFDL	NQDGSE	GFTFSNY
7vux	H	PYGGYFDV	SGGGRY	GFAFSSY
4dn4	H	YDGIYGELDF	IPIFGT	GGTFSSY
7amr	H	GNGYNFDGAYRFFDF	NPYNDD	GYKFTGF
1jps	H	DTAAYFDY	DPEQGN	GFNIKEY
4hj0	C	GPIVGAPTDY	IPTFGT	GGTFSSY
5nh3	I	GGWFDY	NPVSGS	GYTFTSS
6mvl	H	VPGYSGGWIDAEDD	DWNSEN	GFTLEDY
4z5r	W	WISDFFDY	NPDYDI	GYTFTEY
3so3	C	DLGIAARRFVSGAFDI	SGSGGS	GFTFSSY
5mvz	H	FVSLDAFDI	YPGDSD	GYTFTSY
5bo1	I	AGTLFAY	TPDGGY	GFTFSNY
6ye3	D	HMGYNDYLAWFAY	SGGGSY	GFSFSNY
6svl	O	GGFDTNHYAMDY	DPENSN	GFNIKDY
5y9j	H	SRDLLLFPHHALSP	IPMFGT	GGTFNNN
6vvu	J	DPRGYGAALDRLDL	SSAAT	RFSLIGY
7ley	D	DRRRGSYGSDAFDI	NWNGGS	GFTFDDY
6xlq	E	RHSDMIGYYYGMDV	NPNSGG	GYTFTGY
5ggv	H	DPRGATLYYYYYGMDV	WYDGSN	GFTFSSY
2vh5	H	GRFFDY	SRTSKT	GFTFSTF
7ams	H	GNGYNFDGAYRFFDF	NPYNDD	GYKFTGF
5xez	H	EKDHYDILTGYNYYYGLDV	YYDGSN	GFTFSSY
7chz	H	FNGYWNYIMDY	WPREGF	GFTIKDM
5lsp	H	DATTPYWGMMW	DPEDGE	GYTFTDY
3g04	B	LEPGYSSTWSVN	DPTDSY	GYRFTSY
3sob	H	GSGHVNAVKNYGYVMDY	TPYGGY	GFTFTNS
3eoa	H	GIYFYGTTYFDY	HPSDSE	GYSFTGH
3nps	B	TFHIRRYRSGYYDKMDH	IPIFGT	GGTFSSY
3n85	H	WWSSAMDY	SPSSGW	GFSIWWS
7shy	C	GSHYFGHWHFAV	TYDGS	GYSITSGY
7amq	H	GAGYNFDGAYRFFDF	NPYNDD	GYTFTGY
6pe9	H	SWGYFDV	SSGRSN	GFTFSDY
6u36	H	ERYGYYFDY	DPGSGG	GYTFSSY
5hi4	C	DLIHGVTRN	SGSGGS	GFTFSSY
7kql	H	GGPYGDYAHWFEP	YYSGF	GGSISSRSY
6aru	C	ALTYYDYEFAY	WSGGN	GFDLTDY
5hys	A	GSHYFGHWHFAV	TYDGS	GYSITSGY
5mes	H	QVGATWAFDI	SSSSSY	GFTFSSY
3nfp	H	GGGVFDY	NPSTGY	GYTFTSY
5bv7	C	EGAAVRSFYYSYYGMDV	WYDGSN	GFTFSSY
6yxd	H	ETGTAWFAY	NPNSGG	GYTFTDF
5mev	H	QVGATWAFDI	SSSSSY	GFTFSSY
7si0	I	GSHYFGHWHFAV	TYDGS	GYSITSGY
5ggs	C	RDYRFDMGFDY	NPSNGG	GYTFTNY
4d9r	H	EGGVNN	NTYTGE	GYTFTNY
4lmq	E	DQGLNYGSLFDY	WGSGG	GFSLTVY
5xwd	H	LPMVTMSFDY	YYSGS	GGSISSSSY
3b2u	F	VSIFGVGTFDY	YYSGS	GGSISSGDY
6fxn	D	SRDLLLFPHHALSP	IPMFGT	GGTFNNN
3nh7	K	ERWHVRGYFDH	SSSGSL	GFTFSNY
6k7o	F	GMSTNDWASDL	FSGDSAS	GIDFSNHY
5tz2	H	VGRFASHQLDY	YPGDSD	GYSFTDY
5yoy	P	DRGIAAGGNYYYYGMDV	SYDGSN	GFIFSSY
7cgw	A	AYGNYWYIDV	YADGS	GFSLTSY
6t3j	C	WGTNVYFAY	DPANGN	GFNIKDT
4ogx	H	RRIGVPRRDEFDI	YSSGGI	GFTFSHY
6pe8	H	SWGYFDV	SSGRGN	GFTFSDY
5ggt	H	KFHFVSGSPFGMDV	IPIFGK	GDTFSTY
6mhr	A	DYGPGNYDWYFDL	NHGGY	GGSFSGY
6o3b	G	SSPGADYGLDY	YSSYSY	GFNIYYY
6vmk	l	EGGFAY	NPTSGG	GYTFTSY
4i2x	D	GNYDRAWFAY	FPGSGN	GYSFTSY
3t2n	H	GFAY	NTETGS	GYTFTDY
5jxe	D	RDYRFDMGFDY	NPSNGG	GYTFTNY
3p0y	H	ESRVSFEAAMDY	SAAGGY	GFTLSGD
5tzt	H	GGWHAMDS	YPYNGG	GYTFTDY
6b3s	C	VSIFGVGTFDY	YYSGS	GGSISSGDY
4wv1	B	TYGIYDLYVDYTEYVMDY	HLGDGS	GFTFTST
5wi9	H	DRAAAGLHYYYGMDV	WYDGSI	GFTFSNY
7seg	H	GSAYYYDFADY	EPMYGS	GYTFTSY
6m58	C	ETVMAGKALDY	SSSGRY	GFMFRAY
6pi7	C	SHYRPWYKWAYGLDY	YPYYGS	GFNVSYY
7mdp	H	GSSSWYDLGPFDY	YHSGS	GGSISSSN
4s1q	H	KGPSCPHCGDFHWQH	KGMWGA	GYNFREY
6ktr	A	DNWQELLFDY	SGSGGS	GFTFSSY
7su0	I	TGWLGPFDY	SYDGHN	GFTFSHY
5anm	H	VMGGGYDY	DPDNGE	GYIFTDY
6o3a	B	GYFYTWGGMDY	YPSYDY	GFNFSSS
1i9r	K	SDGRNDMDS	NPSNGD	GYIFTSY
5b8c	B	RDYRFDMGFDY	NPSNGG	GYTFTNY
7chy	H	FNGYWNYIMDY	WPYGGF	GFTINGY
7lf8	H	QIDDYYVDALDY	SRDSY	GFTFSRC
6umx	H	DLLVRFLYWSHYYGMDV	SYDGSR	GFTFSSY
3kr3	H	DNGDYVGEKGFDI	SSSGGM	GFTFSNY
3hmx	H	RRPGQGYFDF	SPVDSD	GYSFTTY
3bn9	D	PYLTYPQRRGPQNVSPFDN	SGSGGS	GFTFSSY
4y5x	G	DRVAVAGKGSYYFDS	SGSGGS	GFTFSSY
6nmr	A	DSTVSWSGDFFDY	GSGD	GFSFSNF
4dkf	H	GGPDYAMDV	DWYGGD	GFSFTSY
5xf1	H	EKDHYDILTGYNYYYGLDV	YYDGSN	GFTFSSY
5sx4	H	DRVTGAFDI	YYSGN	GGSVSSGDY
6wvz	H	DLRGTNYFDY	SAYNGY	GYTFTSY
6xm2	F	HMQVGGAPTGSMAAFDP	SYGGS	GFSLSSY
5czx	H	DDYSTYAFAY	VPYHGI	GGTFRTY
7kf1	D	LGIGYYYYGMDV	YPTNGY	GFNIKDT
4g3y	H	NYYGSTYDY	RSKSINSA	GFIFSNH
7shu	E	GNNYFGHWHFAV	TYDGS	GYNITSGY
6d2p	H	SLGRDWFDP	NPNSGG	GYTFTGY
5wux	C	GYRSYAMDY	NTYIGE	GYVFTDY
2wub	R	WAWPAFDY	YPAGGA	GFTINGT
6ba5	F	GYSTYYGDFNI	NSGGS	GSDINDY
6jjp	D	PDSSGVAY	SGGGSY	GFTFSSY
4y5v	D	VSRGGSYSD	KPDGSE	GFTFSSY
6bfq	H	ITGTTDL	YASGS	DSAIRKY
5grj	H	IKLGTVTTVDY	YPSGGI	GFTFSSY
7kpg	H	ETWNHLFDY	SSGSD	GFTFSSN
5wk3	W	VGPADVWDSFDY	DPSDSD	GYSFTSY
5x8l	G	RHWPGGFDY	SPYGGS	GFTFSDS
7amp	H	GAGYNFDGAYRFFDF	NPYNDD	GYTFTGY
3u30	F	TWLLRWVMDL	TPSSGQ	GFTFSNT
6xxv	A	DRTYYSGVYYTEDGLDS	NSGGGI	GFTFSPY
6txz	J	ANWGFFDY	SVSGGS	GFTFSSY
7wkx	A	YGWGYFDY	DTNTGE	EYIFTNY
6bft	A	YPHYYGSSHWYFDV	NTYTGE	GYDFDNY
6nmu	B	QYDWNSFFDY	NSGGGG	GFSFSSY
1n8z	B	WGGDGFYAMDY	YPTNGY	GFNIKDT
5hhx	H	DLIHGVTRN	SGSGGS	GFTFSSY
2xqb	H	DPAAWPLQQSLAWFDP	SAFNGY	GYSFSSF
5wt9	H	NDDY	WYDGSK	GITFSNS
6i04	H	TIYDLFDI	YPSGN	GGSISSSVY
7rco	F	HMQVGGAPTGSMAAFDP	SYGGS	GFSLSSY
6ogx	C	APRWYFSV	YPDNGD	GYTFTDS
5hi3	C	DLIHGVTRN	SGSGGS	GFTFSSY
4g6j	H	DLRTGPFDY	WYDGDN	GFTFSVY
5hi5	C	DLIHGVTRN	SGSGGS	GFTFSSY
2fjh	B	WGHSTSPWAMDY	YPYSGY	GFTINAS
4zso	D	EGLGALLRDLYY	YPGNGD	GYTFTSY
5utz	F	TPTVTGDWFDP	YYSGS	GGSISSGGY
4dke	I	GLGKGSKRGAMDY	SPYYYY	GFTFSST
3mxw	H	DWERGDFFDY	RPYSGE	GYTFIDE
7e9b	H	YYYGIDF	SGGGSN	GFTFSNY
6ban	B	GYSTYYGDFNI	NSGGS	GSDINDY
2h9g	H	RLALVRMWMDY	YPHDGN	GFSIGKS
6mi2	D	GYGIFDY	YPGDSY	GYSFSTY
2fjg	H	FVFFLPYAMDY	TPAGGY	GFTISDY
5x8m	B	EGGWFGELAFDY	KQDGSE	GFTFSRY
5xxy	H	RHWPGGFDY	SPYGGS	GFTFSDS
4j4p	H	DGEISYDYYYYGMDV	YYRSKWY	GDSVSSNSA
6wmw	H	RYGPEDIDY	NTYTGE	GYTFTDY
7lfa	H	ENLYGYYFDY	YPGDGD	GYTFTSH
3wlw	C	EGDGAFDY	SAYNGN	GYSFTSY
5veb	H	QWGSYAFDS	SGSGSN	GFTFSSH
3thm	H	RQLLDDGTGYQWAAFDV	AYRGNSNSGS	GASISANSY
5occ	H	SVGAYANDAFDI	SGSGGN	GFTLSSY
7shz	E	GSHYFGHWHFAV	KYSGE	GYSITSGY
2j6e	I	LGPDDYTLDGMDV	YYSGN	GGSISRGSH
7dha	C	DKILWFGEPVFDY	SGSGGG	GFTFNSF
4hcr	M	EGSSSSGDYYYGMDV	SVYSGN	GYTFTSY
3l5x	H	MGSDYDVWFDY	WWDDV	GFSLSTYGM
5tzu	H	SLAGNAMDY	TSGGTY	GFTFSGY
4zff	A	FVFFLPYAMDY	TPAGGY	GFTISDY
4k8r	D	EGTYYHDSGSDNYYSYGMDV	GTAGD	GFTFSSY
7vyt	B	RSGSGWFGALDY	NPSGGS	GYTFTSY
5czv	H	GSFWFGY	KPRWGA	GGTFSSY
7lfb	H	LIYDGDYISSDF	NTNTGQ	GYAFTNY
6o9h	A	GKYPTWIAY	SSGSST	GFTFSSF
6ztr	H	GEGYGREGFAI	YYRSKWY	GDSVSSQSA
5ob5	H	SGYDRTWFAH	YSGGGY	GYTFTNY
4oqt	H	EGDNDAFDI	GPSGGF	GFTFSAY
5sx5	J	DRVTGAFDI	YYSGN	GGSVSSGDY
6mft	A	GKNSDYNWDFQH	NPNSGG	GYTFTGY
1uj3	B	DSGYAMDY	DPANGH	GFNIKDY
6aod	B	LASGFRDY	DPDEGD	GYTFTGY
6was	H	APVWTGYTSLDV	SYDSDN	GITFSED
5d72	M	GFGTDF	ENKYAGGA	GFTFSSY
2xtj	D	HYEIQIGRYGMNVYYLMYRFAS	NPILGI	GGTFNSH
2wuc	H	WAWPAFDY	YPAGGA	GFTINGT
4mxv	H	PTMLPWFAY	NPYNAG	GYTFTSY
2qqk	H	EDFRNRRRLWYVMDY	YPDSGY	GFTISGY
3be1	H	WGGDGFYAMDY	YPTNGY	GFNIKDT
7lf7	H	QIDDYYVDALDY	SRDSTY	GFTFSR
3sqo	H	ERPLYASDL	SPFGGR	GYTFTSY
5if0	A	ISGSYSFDY	NPNSGG	GYTFTGY
6ppg	H	DIGGFGEFYWNFGL	NWSSGG	GFTFDDY
6fax	H	REVYGRNYYALDY	IPNNGG	GYTFTEY
6hhc	H	GGPYYYYGMDV	GPSGGS	GFTFSQY
4ogy	H	RRIGVPRRDEFDI	YSSGGI	GFTFSHY
6qb6	H	QVGATWAFDI	SSSSSY	GFTFSSY
4h8w	H	DLRLGGGSDY	NNSGRN	GFTFSTY
5b71	D	DAGYDYPTHAMHY	FTGSGA	GFTVHSSY
6vc9	H	EHYVSGTSLDN	YISGT	GGSIRNN
3d85	B	NWDVAY	NPYNDG	GYTFTSN
5tru	H	TGWLGPFDY	SYDGNN	GFTFSSY
6nmt	B	DFGSGVGSIDA	TSGSR	GFIFSDY
5hhv	H	DLIHGVTRN	SGSGGS	GFTFSSY
6k0y	A	DLDIATTRDY	YHSGS	GHSIRGSY
6rps	N	DFGYFDGSSPFDY	WYDGD	GFSLTTY
6xkr	H	LSTGTFAY	YPGSSL	GYTFTSY
7e72	A	GLYGNS	HPSDSE	GYSFTSY
6a3w	A	GYGIFDY	YPGDSY	GYSFSTY
4qci	H	HPYWYGGQLDL	SDDGSL	GFTFSSY
6nmv	H	DTFDH	STSGVI	GFTFTSS
7cj2	C	VGTFDV	SGSGGT	GFTFSNY
3wd5	H	VSYLSTASSLDY	TWNSGH	GFTFDDY
6xy2	H	TEGHYYGSNYGYYALDY	WYDGN	GFSLTSY
6okn	A	APRWYFSV	YPDNGD	GYTFTDS
4hwb	H	MPNWGSFDY	YPGDSY	GYSFTSY
4xwg	H	EGAAVRSFYYSYYGMDV	WYDGSN	GFTFSSY
6dkj	H	DQAIFGVVPDY	WFDASD	GFTFSNY
6m3b	C	TGRSGWMRFPNWFDP	SWNGSR	GFTFSSY
3r1g	H	GPFSPWVMDY	SPAGGS	GFTFLGY
7kez	H	GGAVAGTGVYYFDY	YPTNGY	GFNIKDT
7kf0	A	GGSFYYYYMDV	YPTNGY	GFNIKDT
1iqd	B	PDPDAFDI	DPESGE	GYTLTEL
4g6m	H	NRYDPPWFVD	WWDGD	GFSLSTSGM
6wgl	A	DRLSITIRPRYYGLDV	SGSGGN	GFTFRDY
5c7x	M	GFGTDF	ENKYAGGA	GFTFSSY
6al5	H	RETTTVGRYYYAMDY	WPGDSD	GYAFSSY
6yx9	H	ETGTAWFAY	NPNSGG	GYTFTDF
5kzc	B	GKNCDYNWDFEH	KPRGGA	GYEFIDC
5e8e	B	GDFSEFEPFSMDYFHF	DPQDGE	GYTLTEA
5j13	C	APQWELVHEAFDI	WYDGSN	GFTFRTY
5n7w	H	FPYYYGNWDV	LPGSGS	GYTFSSY
2h32	H	HYYYYYGMDV	YPGDSD	GYSFTSY
5l6y	H	DSSSSWARWFFDL	SANNGD	GYTFTNY
6wio	A	DYYDILTDYYIHYWYFDL	NQDGSE	GFTFSNY
4cni	H	ESYYGFTSY	RNKNYQYG	GFNFNDY
5ngv	H	GGWFDY	NPVSGS	GYTFTSS
7ahv	A	SYGSGSFYNAFDS	SWRGDI	GFTFHDY
3skj	H	YDSGYDYVAVAGPAEYFQH	GPSGGP	GFTFSHY
6vgr	C	RAAAYYSNPEWFAY	LPGSGN	GGTFSSY
2uzi	H	GRFFDY	SRTSKT	GFTFSTF
2xwt	A	LDWNYNPLRY	YPGDSD	GYSLTDN
6yio	H	GGSVSGTLVDFDI	IPIFGT	GGTFSSL
5d71	H	GFGTDF	SYSGSE	GFTFSSY
6wzm	C	EGPYSYYPSREYYGSDL	SPNSGS	GYEFTSY
3k2u	H	WWAWPAFDY	YPAGGA	GFTINGT
6x4t	D	EGILWFGDLPTF	KQDGNE	GFTFSSY
3g6d	H	GLGAFHWDMQPDY	AYDSSN	GFTFNSY
6o9i	D	FYYGTSWFAY	NPSNGR	GYTFTSN
7d85	B	DLHMGPEGPFDY	DLDSGS	GFTFSDY
4y5y	D	VSRGGSFSD	PDGSE	GFTFSY
6o39	B	YHHPFGYALDY	YSSFGS	GFNIHSS
7mrz	X	DSLRYGMDV	SYSGS	GGSISSSSY
7su1	H	HGWLGPFDY	SYDGHN	GFTFSHY
4uu9	H	DDDYEEWPWYYGMDV	SGSGGS	GFTFSSY
4uv7	H	HGSPGYTLYAWDY	LGGSER	GFTFSDY
4dtg	H	LGGYDEGDAMDS	SRSGSY	GFTFSNY
7elx	H	TGWLGPFDY	SYDGNN	GFTFSSY
4i77	H	DGYYPYAMDN	WGDGK	GFSLSAY
3bdy	H	WGGDGFYAMDY	YPTNGY	GFNIKDT
7n0a	B	WEWDLDF	KAKSDDYA	GFTFSHA
1h0d	B	LGDYGYAYTMDY	SSGGGN	GFTFSSY
3grw	H	TYGIYDLYVDYTEYVMDY	YPTNGS	GFTFTST
2qqn	H	GELPYYRMSKVMDV	SPAGGY	GFTFSSY
6bgt	B	WGGDGFYAMDY	YPTNGY	GFNIDDT
3tje	H	RQLLDDGTGYQWAAFDV	AYRGNSNSGS	GASISANSY
5ies	H	ISGSYSFDY	NPNSGG	GYTFTGY
7o52	H	EVTGDLEDAFDI	YYRSKWY	GDSVSSNSA
7daa	H	YYAGSDI	YASGS	GFSLSDY
6u6u	H	VFYGEPYFPY	NPGNVR	GYSFTSS
5bvp	H	DLRTGPFDY	WYDGDN	GFTFSVY
1adq	H	TRSYVVAAEYYFHY	SWNTGT	GFTFDDY
7rp2	H	GSSSWYDLGPFDY	YHSGS	GGSISSSN
7duo	H	DKILWFGEPVFDY	SGSGGG	GFTFNSF
6u38	H	ERYGYYFDY	DPGSGG	GYTFSSY
2qql	H	EDFRNRRRLWYVMDY	YPDSGY	GFTISGY
7f9w	B	ERGDYSNFWYFDL	IPIFGV	GGTFSSD
5d70	H	GFGTDF	SYSGSE	GFTFSSY
5o4g	B	PPVYYDSAWFAY	YPGSGY	GYTFTAY
4od2	B	ILGAGRGWYFDY	NWQGGS	GFTFDDY
7rp3	H	GSSSWYDLGPFDY	YHSGS	GGSISSSN
3q1s	H	VAIGVSGFLNYYYYMDV	IYGGT	GGSMINY
4zfg	H	FVFFLPYAMDY	TPAGGY	GFTISDY
4ps4	H	LGSDYDVWFDY	WWDDV	GFSLSTYGV
