pdb	heavy_chain	CDR_H3	CDR_H2	CDR_H1	CDR_H1_count_A	CDR_H1_count_R	CDR_H1_count_N	CDR_H1_count_D	CDR_H1_count_C	CDR_H1_count_Q	CDR_H1_count_E	CDR_H1_count_G	CDR_H1_count_H	CDR_H1_count_I	CDR_H1_count_L	CDR_H1_count_K	CDR_H1_count_M	CDR_H1_count_F	CDR_H1_count_P	CDR_H1_count_S	CDR_H1_count_T	CDR_H1_count_W	CDR_H1_count_Y	CDR_H1_count_V	CDR_H2_count_A	CDR_H2_count_R	CDR_H2_count_N	CDR_H2_count_D	CDR_H2_count_C	CDR_H2_count_Q	CDR_H2_count_E	CDR_H2_count_G	CDR_H2_count_H	CDR_H2_count_I	CDR_H2_count_L	CDR_H2_count_K	CDR_H2_count_M	CDR_H2_count_F	CDR_H2_count_P	CDR_H2_count_S	CDR_H2_count_T	CDR_H2_count_W	CDR_H2_count_Y	CDR_H2_count_V	CDR_H3_count_A	CDR_H3_count_R	CDR_H3_count_N	CDR_H3_count_D	CDR_H3_count_C	CDR_H3_count_Q	CDR_H3_count_E	CDR_H3_count_G	CDR_H3_count_H	CDR_H3_count_I	CDR_H3_count_L	CDR_H3_count_K	CDR_H3_count_M	CDR_H3_count_F	CDR_H3_count_P	CDR_H3_count_S	CDR_H3_count_T	CDR_H3_count_W	CDR_H3_count_Y	CDR_H3_count_V	CDR_H1_mean_hydrophobicity	CDR_H1_mean_charge	CDR_H1_mean_polarity	CDR_H1_mean_mass	CDR_H2_mean_hydrophobicity	CDR_H2_mean_charge	CDR_H2_mean_polarity	CDR_H2_mean_mass	CDR_H3_mean_hydrophobicity	CDR_H3_mean_charge	CDR_H3_mean_polarity	CDR_H3_mean_mass	cdr_h1_length	cdr_h2_length	cdr_h3_length	CDR_H1_length	CDR_H2_length	CDR_H3_length
8veb	G	VPFYYDTRGVFYGNAEGGFEI	TYSGD	GGSVSRGGY	0.0	1.0	0.0	0.0	0.0	0.0	0.0	4.0	0.0	0.0	0.0	0.0	0.0	0.0	0.0	2.0	0.0	0.0	1.0	1.0	0.0	0.0	0.0	1.0	0.0	0.0	0.0	1.0	0.0	0.0	0.0	0.0	0.0	0.0	0.0	1.0	1.0	0.0	1.0	0.0	1.0	1.0	1.0	1.0	0.0	0.0	2.0	4.0	0.0	1.0	0.0	0.0	0.0	3.0	1.0	0.0	1.0	0.0	3.0	2.0	-0.5333333333333333	0.1111111111111111	8.555555555555555	99.20666666666666	-1.34	-0.2	9.2	108.302	-0.1523809523809524	-0.0952380952380952	8.17142857142857	116.93523809523808	9	5	21	9	5	21
8ved	H	GRLDYSDTTGYYKPPPLDY	YTSGN	GASVSSY	1.0	0.0	0.0	0.0	0.0	0.0	0.0	1.0	0.0	0.0	0.0	0.0	0.0	0.0	0.0	3.0	0.0	0.0	1.0	1.0	0.0	0.0	1.0	0.0	0.0	0.0	0.0	1.0	0.0	0.0	0.0	0.0	0.0	0.0	0.0	1.0	1.0	0.0	1.0	0.0	0.0	1.0	0.0	3.0	0.0	0.0	0.0	2.0	0.0	0.0	2.0	1.0	0.0	0.0	3.0	1.0	2.0	0.0	4.0	0.0	0.2714285714285714	0.0	8.114285714285714	95.66857142857144	-1.34	0.0	8.92	108.106	-1.2789473684210526	-0.0526315789473684	8.621052631578948	117.86526315789474	7	5	19	7	5	19
8vee	H	VPFYYDTRGVFYGNAEGGFEI	TYSGD	GGSVSRGGY	0.0	1.0	0.0	0.0	0.0	0.0	0.0	4.0	0.0	0.0	0.0	0.0	0.0	0.0	0.0	2.0	0.0	0.0	1.0	1.0	0.0	0.0	0.0	1.0	0.0	0.0	0.0	1.0	0.0	0.0	0.0	0.0	0.0	0.0	0.0	1.0	1.0	0.0	1.0	0.0	1.0	1.0	1.0	1.0	0.0	0.0	2.0	4.0	0.0	1.0	0.0	0.0	0.0	3.0	1.0	0.0	1.0	0.0	3.0	2.0	-0.5333333333333333	0.1111111111111111	8.555555555555555	99.20666666666666	-1.34	-0.2	9.2	108.302	-0.1523809523809524	-0.0952380952380952	8.17142857142857	116.93523809523808	9	5	21	9	5	21
8vef	H	VPFYYDSSGYYYGNADDAFDI	YYSGS	GGSISSGGY	0.0	0.0	0.0	0.0	0.0	0.0	0.0	4.0	0.0	1.0	0.0	0.0	0.0	0.0	0.0	3.0	0.0	0.0	1.0	0.0	0.0	0.0	0.0	0.0	0.0	0.0	0.0	1.0	0.0	0.0	0.0	0.0	0.0	0.0	0.0	2.0	0.0	0.0	2.0	0.0	2.0	0.0	1.0	4.0	0.0	0.0	0.0	2.0	0.0	1.0	0.0	0.0	0.0	2.0	1.0	2.0	0.0	0.0	5.0	1.0	-0.0888888888888889	0.0	8.333333333333334	93.08666666666666	-0.9200000000000002	0.0	7.959999999999999	115.114	-0.480952380952381	-0.1904761904761904	8.414285714285715	117.1695238095238	9	5	21	9	5	21
9dpc	H	SYSGYDRIQYYYSGMDV	IPFLGT	GDTFSSY	0.0	0.0	0.0	1.0	0.0	0.0	0.0	1.0	0.0	0.0	0.0	0.0	0.0	1.0	0.0	2.0	1.0	0.0	1.0	0.0	0.0	0.0	0.0	0.0	0.0	0.0	0.0	1.0	0.0	1.0	1.0	0.0	0.0	1.0	1.0	0.0	1.0	0.0	0.0	0.0	0.0	1.0	0.0	2.0	0.0	1.0	0.0	2.0	0.0	1.0	0.0	0.0	1.0	0.0	0.0	3.0	0.0	0.0	5.0	1.0	-0.6714285714285715	-0.1428571428571428	8.628571428571428	110.82428571428572	1.4	0.0	6.816666666666666	107.79666666666668	-0.8294117647058823	-0.0588235294117647	8.258823529411766	122.66058823529411	7	6	17	7	6	17
9mer	H	GTEDLGYCSSGSCPNH	FYNGD	GVSVTSDIY	0.0	0.0	0.0	1.0	0.0	0.0	0.0	1.0	0.0	1.0	0.0	0.0	0.0	0.0	0.0	2.0	1.0	0.0	1.0	2.0	0.0	0.0	1.0	1.0	0.0	0.0	0.0	1.0	0.0	0.0	0.0	0.0	0.0	1.0	0.0	0.0	0.0	0.0	1.0	0.0	0.0	0.0	1.0	1.0	2.0	0.0	1.0	3.0	1.0	0.0	1.0	0.0	0.0	0.0	1.0	3.0	1.0	0.0	1.0	0.0	0.6000000000000001	-0.1111111111111111	8.022222222222222	104.44555555555556	-1.1800000000000002	-0.2	9.0	122.922	-0.7562500000000001	-0.0625	8.7875	103.92	9	5	16	9	5	16
9mev	H	GTEDLGYCSSGSCPNH	FYNGD	GVSVTSDIY	0.0	0.0	0.0	1.0	0.0	0.0	0.0	1.0	0.0	1.0	0.0	0.0	0.0	0.0	0.0	2.0	1.0	0.0	1.0	2.0	0.0	0.0	1.0	1.0	0.0	0.0	0.0	1.0	0.0	0.0	0.0	0.0	0.0	1.0	0.0	0.0	0.0	0.0	1.0	0.0	0.0	0.0	1.0	1.0	2.0	0.0	1.0	3.0	1.0	0.0	1.0	0.0	0.0	0.0	1.0	3.0	1.0	0.0	1.0	0.0	0.6000000000000001	-0.1111111111111111	8.022222222222222	104.44555555555556	-1.1800000000000002	-0.2	9.0	122.922	-0.7562500000000001	-0.0625	8.7875	103.92	9	5	16	9	5	16
9azr	H	GGLEPRSVDYYYYGMDV	NPNSGG	GYTFTGY	0.0	0.0	0.0	0.0	0.0	0.0	0.0	2.0	0.0	0.0	0.0	0.0	0.0	1.0	0.0	0.0	2.0	0.0	2.0	0.0	0.0	0.0	2.0	0.0	0.0	0.0	0.0	2.0	0.0	0.0	0.0	0.0	0.0	0.0	1.0	1.0	0.0	0.0	0.0	0.0	0.0	1.0	0.0	2.0	0.0	0.0	1.0	3.0	0.0	0.0	1.0	0.0	1.0	0.0	1.0	1.0	0.0	0.0	4.0	2.0	-0.2857142857142857	0.0	7.542857142857143	117.98	-1.7	0.0	9.733333333333333	93.75333333333332	-0.5705882352941177	-0.1176470588235294	8.24705882352941	118.83411764705885	7	6	17	7	6	17
9azt	H	AGLEPRSVDYYFYGLDV	HPNSGA	GYTFTDN	0.0	0.0	1.0	1.0	0.0	0.0	0.0	1.0	0.0	0.0	0.0	0.0	0.0	1.0	0.0	0.0	2.0	0.0	1.0	0.0	1.0	0.0	1.0	0.0	0.0	0.0	0.0	1.0	1.0	0.0	0.0	0.0	0.0	0.0	1.0	1.0	0.0	0.0	0.0	0.0	1.0	1.0	0.0	2.0	0.0	0.0	1.0	2.0	0.0	0.0	2.0	0.0	0.0	1.0	1.0	1.0	0.0	0.0	3.0	2.0	-1.042857142857143	-0.1428571428571428	8.885714285714286	116.69	-1.2833333333333334	0.1666666666666666	9.383333333333333	96.93	-0.088235294117647	-0.1176470588235294	8.088235294117647	116.59823529411766	7	6	17	7	6	17
9azv	H	AGLEPRSVDYYFYGLDV	HPNSGA	GYTFTDN	0.0	0.0	1.0	1.0	0.0	0.0	0.0	1.0	0.0	0.0	0.0	0.0	0.0	1.0	0.0	0.0	2.0	0.0	1.0	0.0	1.0	0.0	1.0	0.0	0.0	0.0	0.0	1.0	1.0	0.0	0.0	0.0	0.0	0.0	1.0	1.0	0.0	0.0	0.0	0.0	1.0	1.0	0.0	2.0	0.0	0.0	1.0	2.0	0.0	0.0	2.0	0.0	0.0	1.0	1.0	1.0	0.0	0.0	3.0	2.0	-1.042857142857143	-0.1428571428571428	8.885714285714286	116.69	-1.2833333333333334	0.1666666666666666	9.383333333333333	96.93	-0.088235294117647	-0.1176470588235294	8.088235294117647	116.59823529411766	7	6	17	7	6	17
8zr4	A	GSDPDYDKGWGAYRNTDRPSYDGLDV	SKDGNN	GFTLETY	0.0	0.0	0.0	0.0	0.0	0.0	1.0	1.0	0.0	0.0	1.0	0.0	0.0	1.0	0.0	0.0	2.0	0.0	1.0	0.0	0.0	0.0	2.0	1.0	0.0	0.0	0.0	1.0	0.0	0.0	0.0	1.0	0.0	0.0	0.0	1.0	0.0	0.0	0.0	0.0	1.0	2.0	1.0	6.0	0.0	0.0	0.0	4.0	0.0	0.0	1.0	1.0	0.0	0.0	2.0	2.0	1.0	1.0	3.0	1.0	-4.7580986769649563e-17	-0.1428571428571428	7.828571428571428	118.55857142857144	-2.6	0.0	10.95	105.60333333333334	-1.5192307692307692	-0.1153846153846153	9.376923076923076	114.38653846153846	7	6	26	7	6	26
8ume	H	APAAISYYMDV	SSSSSY	GFTFSSY	0.0	0.0	0.0	0.0	0.0	0.0	0.0	1.0	0.0	0.0	0.0	0.0	0.0	2.0	0.0	2.0	1.0	0.0	1.0	0.0	0.0	0.0	0.0	0.0	0.0	0.0	0.0	0.0	0.0	0.0	0.0	0.0	0.0	0.0	0.0	5.0	0.0	0.0	1.0	0.0	3.0	0.0	0.0	1.0	0.0	0.0	0.0	0.0	0.0	1.0	0.0	0.0	1.0	0.0	1.0	1.0	0.0	0.0	2.0	1.0	0.2285714285714285	0.0	7.514285714285714	115.40857142857143	-0.8833333333333334	0.0	8.7	99.76333333333334	0.6818181818181818	-0.0909090909090909	7.609090909090909	107.48909090909092	7	6	11	7	6	11
9ekf	D	HRRGHFYGSGSAWDWFES	DPTDSY	AYSSTYF	1.0	0.0	0.0	0.0	0.0	0.0	0.0	0.0	0.0	0.0	0.0	0.0	0.0	1.0	0.0	2.0	1.0	0.0	2.0	0.0	0.0	0.0	0.0	2.0	0.0	0.0	0.0	0.0	0.0	0.0	0.0	0.0	0.0	0.0	1.0	1.0	1.0	0.0	1.0	0.0	1.0	2.0	0.0	1.0	0.0	0.0	1.0	3.0	2.0	0.0	0.0	0.0	0.0	2.0	0.0	3.0	0.0	2.0	1.0	0.0	-0.0428571428571428	0.0	7.528571428571428	117.12714285714286	-1.9	-0.3333333333333333	9.666666666666666	113.11166666666668	-1.2055555555555555	0.1111111111111111	8.733333333333333	123.24	7	6	18	7	6	18
9dwe	H	HGNYYYYSGMDV	SPIFGS	GGTSNNY	0.0	0.0	2.0	0.0	0.0	0.0	0.0	2.0	0.0	0.0	0.0	0.0	0.0	0.0	0.0	1.0	1.0	0.0	1.0	0.0	0.0	0.0	0.0	0.0	0.0	0.0	0.0	1.0	0.0	1.0	0.0	0.0	0.0	1.0	1.0	2.0	0.0	0.0	0.0	0.0	0.0	0.0	1.0	1.0	0.0	0.0	0.0	2.0	1.0	0.0	0.0	0.0	1.0	0.0	0.0	1.0	0.0	0.0	4.0	1.0	-1.5142857142857142	0.0	9.314285714285717	104.2414285714286	0.6166666666666666	0.0	7.633333333333333	101.11166666666666	-0.9083333333333332	0.0	8.216666666666667	123.88083333333331	7	6	12	7	6	12
9bdf	B	DLVEGGYIPFSYGLDV	HHSGE	GGFVTRNSY	0.0	1.0	1.0	0.0	0.0	0.0	0.0	2.0	0.0	0.0	0.0	0.0	0.0	1.0	0.0	1.0	1.0	0.0	1.0	1.0	0.0	0.0	0.0	0.0	0.0	0.0	1.0	1.0	2.0	0.0	0.0	0.0	0.0	0.0	0.0	1.0	0.0	0.0	0.0	0.0	0.0	0.0	0.0	2.0	0.0	0.0	1.0	3.0	0.0	1.0	2.0	0.0	0.0	1.0	1.0	1.0	0.0	0.0	2.0	2.0	-0.5111111111111111	0.1111111111111111	8.355555555555556	113.12	-2.22	0.2	10.26	113.106	0.4125	-0.1875	7.93125	111.245625	9	5	16	9	5	16
9bdg	D	GQVWSGYYLTHDAFDL	TWNSVN	GFTFHNY	0.0	0.0	1.0	0.0	0.0	0.0	0.0	1.0	1.0	0.0	0.0	0.0	0.0	2.0	0.0	0.0	1.0	0.0	1.0	0.0	0.0	0.0	2.0	0.0	0.0	0.0	0.0	0.0	0.0	0.0	0.0	0.0	0.0	0.0	0.0	1.0	1.0	1.0	0.0	1.0	1.0	0.0	0.0	2.0	0.0	1.0	0.0	2.0	1.0	0.0	2.0	0.0	0.0	1.0	0.0	1.0	1.0	1.0	2.0	1.0	-0.5000000000000001	0.1428571428571428	8.028571428571428	126.42142857142858	-0.8666666666666667	0.0	8.716666666666667	116.96	-0.19375	-0.0625	8.09375	118.126875	7	6	16	7	6	16
8gat	M	TSSWGDYTRGPEPKITWYFDL	NWNGDI	GFKFDDY	0.0	0.0	0.0	2.0	0.0	0.0	0.0	1.0	0.0	0.0	0.0	1.0	0.0	2.0	0.0	0.0	0.0	0.0	1.0	0.0	0.0	0.0	2.0	1.0	0.0	0.0	0.0	1.0	0.0	1.0	0.0	0.0	0.0	0.0	0.0	0.0	0.0	1.0	0.0	0.0	0.0	1.0	0.0	2.0	0.0	0.0	1.0	2.0	0.0	1.0	1.0	1.0	0.0	1.0	2.0	2.0	3.0	2.0	2.0	0.0	-1.0	-0.1428571428571428	8.985714285714286	127.27857142857144	-1.2166666666666666	-0.1666666666666666	9.3	119.62333333333332	-0.9476190476190476	-0.0476190476190476	8.41904761904762	120.84761904761906	7	6	21	7	6	21
8gav	H	GDPHYIWGTYLDS	TSSGRP	GFTFSDY	0.0	0.0	0.0	1.0	0.0	0.0	0.0	1.0	0.0	0.0	0.0	0.0	0.0	2.0	0.0	1.0	1.0	0.0	1.0	0.0	0.0	1.0	0.0	0.0	0.0	0.0	0.0	1.0	0.0	0.0	0.0	0.0	0.0	0.0	1.0	2.0	1.0	0.0	0.0	0.0	0.0	0.0	0.0	2.0	0.0	0.0	0.0	2.0	1.0	1.0	1.0	0.0	0.0	0.0	1.0	1.0	1.0	1.0	2.0	0.0	-0.1571428571428572	-0.1428571428571428	8.057142857142857	119.41	-1.4666666666666668	0.1666666666666666	9.083333333333334	100.605	-0.7153846153846154	-0.0769230769230769	8.315384615384614	118.58692307692309	7	6	13	7	6	13
8ez3	H	SNSNTWSREYFQH	NSIGN	GASISDVDF	1.0	0.0	0.0	2.0	0.0	0.0	0.0	1.0	0.0	1.0	0.0	0.0	0.0	1.0	0.0	2.0	0.0	0.0	0.0	1.0	0.0	0.0	2.0	0.0	0.0	0.0	0.0	1.0	0.0	1.0	0.0	0.0	0.0	0.0	0.0	1.0	0.0	0.0	0.0	0.0	0.0	1.0	2.0	0.0	0.0	1.0	1.0	0.0	1.0	0.0	0.0	0.0	0.0	1.0	0.0	3.0	1.0	1.0	1.0	0.0	0.4777777777777777	-0.2222222222222222	8.644444444444444	101.10444444444444	-0.74	0.0	9.32	100.702	-1.8615384615384616	0.0769230769230769	9.223076923076924	125.97923076923075	9	5	13	9	5	13
8ez7	H	QRSVYSTSRSNWSVFLDD	SGNGDT	GFDFSSF	0.0	0.0	0.0	1.0	0.0	0.0	0.0	1.0	0.0	0.0	0.0	0.0	0.0	3.0	0.0	2.0	0.0	0.0	0.0	0.0	0.0	0.0	1.0	1.0	0.0	0.0	0.0	2.0	0.0	0.0	0.0	0.0	0.0	0.0	0.0	1.0	1.0	0.0	0.0	0.0	0.0	2.0	1.0	2.0	0.0	1.0	0.0	0.0	0.0	0.0	1.0	0.0	0.0	1.0	0.0	5.0	1.0	1.0	1.0	2.0	0.4142857142857142	-0.1428571428571428	8.0	115.12	-1.55	-0.1666666666666666	10.066666666666666	94.58166666666666	-0.8277777777777778	0.0	8.733333333333333	118.295	7	6	18	7	6	18
8ez8	H	DKGGLRWGSRGSDVFDI	SNSGS	GDSIRNS	0.0	1.0	1.0	1.0	0.0	0.0	0.0	1.0	0.0	1.0	0.0	0.0	0.0	0.0	0.0	2.0	0.0	0.0	0.0	0.0	0.0	0.0	1.0	0.0	0.0	0.0	0.0	1.0	0.0	0.0	0.0	0.0	0.0	0.0	0.0	3.0	0.0	0.0	0.0	0.0	0.0	2.0	0.0	3.0	0.0	0.0	0.0	4.0	0.0	1.0	1.0	1.0	0.0	1.0	0.0	2.0	0.0	1.0	0.0	1.0	-1.2857142857142858	0.0	9.671428571428573	106.82285714285716	-1.26	0.0	9.64	90.08	-0.7176470588235295	0.0	8.958823529411765	112.88470588235292	7	5	17	7	5	17
8tp5	E	DGGDKFHSSGHFETNQGYFDH	IPVFGM	GDTFNSY	0.0	0.0	1.0	1.0	0.0	0.0	0.0	1.0	0.0	0.0	0.0	0.0	0.0	1.0	0.0	1.0	1.0	0.0	1.0	0.0	0.0	0.0	0.0	0.0	0.0	0.0	0.0	1.0	0.0	1.0	0.0	0.0	1.0	1.0	1.0	0.0	0.0	0.0	0.0	1.0	0.0	0.0	1.0	3.0	0.0	1.0	1.0	4.0	3.0	0.0	0.0	1.0	0.0	3.0	0.0	2.0	1.0	0.0	1.0	0.0	-1.0571428571428572	-0.1428571428571428	8.971428571428572	114.68571428571428	1.9	0.0	6.5	110.47333333333334	-1.4904761904761905	0.0	9.557142857142855	116.02	7	6	21	7	6	21
8tp6	H	GMDFGPTDAFDI	YTTGS	GGSISSGNY	0.0	0.0	1.0	0.0	0.0	0.0	0.0	3.0	0.0	1.0	0.0	0.0	0.0	0.0	0.0	3.0	0.0	0.0	1.0	0.0	0.0	0.0	0.0	0.0	0.0	0.0	0.0	1.0	0.0	0.0	0.0	0.0	0.0	0.0	0.0	1.0	2.0	0.0	1.0	0.0	1.0	0.0	0.0	3.0	0.0	0.0	0.0	2.0	0.0	1.0	0.0	0.0	1.0	2.0	1.0	0.0	1.0	0.0	0.0	0.0	-0.4333333333333333	0.0	8.622222222222222	97.42666666666668	-0.78	0.0	8.32	105.506	0.0166666666666666	-0.25	8.583333333333334	108.61666666666667	9	5	12	9	5	12
8tp7	D	HVYYSDTNSYTYFFDY	YYSGT	GGSISGSRY	0.0	1.0	0.0	0.0	0.0	0.0	0.0	3.0	0.0	1.0	0.0	0.0	0.0	0.0	0.0	3.0	0.0	0.0	1.0	0.0	0.0	0.0	0.0	0.0	0.0	0.0	0.0	1.0	0.0	0.0	0.0	0.0	0.0	0.0	0.0	1.0	1.0	0.0	2.0	0.0	0.0	0.0	1.0	2.0	0.0	0.0	0.0	0.0	1.0	0.0	0.0	0.0	0.0	2.0	0.0	2.0	2.0	0.0	5.0	1.0	-0.5444444444444445	0.1111111111111111	8.5	102.10222222222222	-0.9	0.0	7.840000000000001	117.92	-0.8375	-0.0625	8.18125	129.2	9	5	16	9	5	16
8tp9	D	EGWVPDYGGRNYYLDF	YYNGV	GDSISNGGL	0.0	0.0	1.0	1.0	0.0	0.0	0.0	3.0	0.0	1.0	1.0	0.0	0.0	0.0	0.0	2.0	0.0	0.0	0.0	0.0	0.0	0.0	1.0	0.0	0.0	0.0	0.0	1.0	0.0	0.0	0.0	0.0	0.0	0.0	0.0	0.0	0.0	0.0	2.0	1.0	0.0	1.0	1.0	2.0	0.0	0.0	1.0	3.0	0.0	0.0	1.0	0.0	0.0	1.0	1.0	0.0	0.0	1.0	3.0	1.0	-0.1666666666666667	-0.1111111111111111	8.899999999999999	94.9811111111111	-0.4599999999999999	0.0	7.779999999999999	122.93	-0.95625	-0.125	8.4625	124.19375	9	5	16	9	5	16
8e6j	H	HVTSISSWNRGVYLDS	FYSGN	GDSISSSYY	0.0	0.0	0.0	1.0	0.0	0.0	0.0	1.0	0.0	1.0	0.0	0.0	0.0	0.0	0.0	4.0	0.0	0.0	2.0	0.0	0.0	0.0	1.0	0.0	0.0	0.0	0.0	1.0	0.0	0.0	0.0	0.0	0.0	1.0	0.0	1.0	0.0	0.0	1.0	0.0	0.0	1.0	1.0	1.0	0.0	0.0	0.0	1.0	1.0	1.0	1.0	0.0	0.0	0.0	0.0	4.0	1.0	1.0	1.0	2.0	-0.5777777777777778	-0.1111111111111111	8.488888888888887	108.66444444444444	-0.64	0.0	8.24	117.32	-0.28125	0.0625	8.3375	113.811875	9	5	16	9	5	16
8e6k	H	SIAVSGPLYFHH	YYRGI	GDSVSSTNY	0.0	0.0	1.0	1.0	0.0	0.0	0.0	1.0	0.0	0.0	0.0	0.0	0.0	0.0	0.0	3.0	1.0	0.0	1.0	1.0	0.0	1.0	0.0	0.0	0.0	0.0	0.0	1.0	0.0	1.0	0.0	0.0	0.0	0.0	0.0	0.0	0.0	0.0	2.0	0.0	1.0	0.0	0.0	0.0	0.0	0.0	0.0	1.0	2.0	1.0	1.0	0.0	0.0	1.0	1.0	2.0	0.0	0.0	1.0	1.0	-0.8444444444444444	-0.1111111111111111	9.1	103.21222222222222	-0.6	0.2	7.42	134.152	0.4833333333333332	0.1666666666666666	7.641666666666667	110.625	9	5	12	9	5	12
7trh	H	LLDSIVWGEGWYYGMDV	TSSGSR	AFTFSSY	1.0	0.0	0.0	0.0	0.0	0.0	0.0	0.0	0.0	0.0	0.0	0.0	0.0	2.0	0.0	2.0	1.0	0.0	1.0	0.0	0.0	1.0	0.0	0.0	0.0	0.0	0.0	1.0	0.0	0.0	0.0	0.0	0.0	0.0	0.0	3.0	1.0	0.0	0.0	0.0	0.0	0.0	0.0	2.0	0.0	0.0	1.0	3.0	0.0	1.0	2.0	0.0	1.0	0.0	0.0	1.0	0.0	2.0	2.0	2.0	0.5428571428571428	0.0	7.385714285714285	114.84142857142857	-1.3333333333333333	0.1666666666666666	9.283333333333331	98.93166666666669	0.3235294117647059	-0.1764705882352941	7.658823529411764	119.9570588235294	7	6	17	7	6	17
8g30	E	AVSDYFNRDLGWEDYYFPF	IPISGI	EGTFNKY	0.0	0.0	1.0	0.0	0.0	0.0	1.0	1.0	0.0	0.0	0.0	1.0	0.0	1.0	0.0	0.0	1.0	0.0	1.0	0.0	0.0	0.0	0.0	0.0	0.0	0.0	0.0	1.0	0.0	3.0	0.0	0.0	0.0	0.0	1.0	1.0	0.0	0.0	0.0	0.0	1.0	1.0	1.0	3.0	0.0	0.0	1.0	1.0	0.0	0.0	1.0	0.0	0.0	3.0	1.0	1.0	0.0	1.0	3.0	1.0	-1.5	0.0	9.171428571428573	122.56142857142858	1.7833333333333332	0.0	6.966666666666666	99.78833333333334	-0.6	-0.1578947368421052	8.321052631578947	126.5584210526316	7	6	19	7	6	19
8g3m	E	AGSDYFNRDLGWENYYFAS	FPISGT	GGSFNNQ	0.0	0.0	2.0	0.0	0.0	1.0	0.0	2.0	0.0	0.0	0.0	0.0	0.0	1.0	0.0	1.0	0.0	0.0	0.0	0.0	0.0	0.0	0.0	0.0	0.0	0.0	0.0	1.0	0.0	1.0	0.0	0.0	0.0	1.0	1.0	1.0	1.0	0.0	0.0	0.0	2.0	1.0	2.0	2.0	0.0	0.0	1.0	2.0	0.0	0.0	1.0	0.0	0.0	2.0	0.0	2.0	0.0	1.0	3.0	0.0	-1.3285714285714287	0.0	9.44285714285714	105.8157142857143	0.6333333333333333	0.0	7.533333333333334	103.45	-0.8526315789473684	-0.1052631578947368	8.626315789473685	120.7057894736842	7	6	19	7	6	19
8g3n	E	AGSDYFNRDLGWENYYFAS	FPISGT	GGSFNNQ	0.0	0.0	2.0	0.0	0.0	1.0	0.0	2.0	0.0	0.0	0.0	0.0	0.0	1.0	0.0	1.0	0.0	0.0	0.0	0.0	0.0	0.0	0.0	0.0	0.0	0.0	0.0	1.0	0.0	1.0	0.0	0.0	0.0	1.0	1.0	1.0	1.0	0.0	0.0	0.0	2.0	1.0	2.0	2.0	0.0	0.0	1.0	2.0	0.0	0.0	1.0	0.0	0.0	2.0	0.0	2.0	0.0	1.0	3.0	0.0	-1.3285714285714287	0.0	9.44285714285714	105.8157142857143	0.6333333333333333	0.0	7.533333333333334	103.45	-0.8526315789473684	-0.1052631578947368	8.626315789473685	120.7057894736842	7	6	19	7	6	19
8g3o	E	AGSDYFNRDLGWENYYFAS	FPISGT	GGSFNNQ	0.0	0.0	2.0	0.0	0.0	1.0	0.0	2.0	0.0	0.0	0.0	0.0	0.0	1.0	0.0	1.0	0.0	0.0	0.0	0.0	0.0	0.0	0.0	0.0	0.0	0.0	0.0	1.0	0.0	1.0	0.0	0.0	0.0	1.0	1.0	1.0	1.0	0.0	0.0	0.0	2.0	1.0	2.0	2.0	0.0	0.0	1.0	2.0	0.0	0.0	1.0	0.0	0.0	2.0	0.0	2.0	0.0	1.0	3.0	0.0	-1.3285714285714287	0.0	9.44285714285714	105.8157142857143	0.6333333333333333	0.0	7.533333333333334	103.45	-0.8526315789473684	-0.1052631578947368	8.626315789473685	120.7057894736842	7	6	19	7	6	19
8g3p	C	AGSDYFNRDLGWENYYFAS	FPISGT	GGSFNNQ	0.0	0.0	2.0	0.0	0.0	1.0	0.0	2.0	0.0	0.0	0.0	0.0	0.0	1.0	0.0	1.0	0.0	0.0	0.0	0.0	0.0	0.0	0.0	0.0	0.0	0.0	0.0	1.0	0.0	1.0	0.0	0.0	0.0	1.0	1.0	1.0	1.0	0.0	0.0	0.0	2.0	1.0	2.0	2.0	0.0	0.0	1.0	2.0	0.0	0.0	1.0	0.0	0.0	2.0	0.0	2.0	0.0	1.0	3.0	0.0	-1.3285714285714287	0.0	9.44285714285714	105.8157142857143	0.6333333333333333	0.0	7.533333333333334	103.45	-0.8526315789473684	-0.1052631578947368	8.626315789473685	120.7057894736842	7	6	19	7	6	19
8g3q	C	ARSDYFNRDLGWEDYYFEN	IPTSGI	GGTFSNN	0.0	0.0	2.0	0.0	0.0	0.0	0.0	2.0	0.0	0.0	0.0	0.0	0.0	1.0	0.0	1.0	1.0	0.0	0.0	0.0	0.0	0.0	0.0	0.0	0.0	0.0	0.0	1.0	0.0	2.0	0.0	0.0	0.0	0.0	1.0	1.0	1.0	0.0	0.0	0.0	1.0	2.0	2.0	3.0	0.0	0.0	2.0	1.0	0.0	0.0	1.0	0.0	0.0	2.0	0.0	1.0	0.0	1.0	3.0	0.0	-0.9285714285714286	0.0	9.171428571428573	101.9557142857143	0.9166666666666666	0.0	7.533333333333334	97.78	-1.4894736842105265	-0.1578947368421052	9.126315789473685	129.50526315789477	7	6	19	7	6	19
8g3r	C	ARSDYFNRDLGWEDYYFEN	IPTSGI	GGTFSNN	0.0	0.0	2.0	0.0	0.0	0.0	0.0	2.0	0.0	0.0	0.0	0.0	0.0	1.0	0.0	1.0	1.0	0.0	0.0	0.0	0.0	0.0	0.0	0.0	0.0	0.0	0.0	1.0	0.0	2.0	0.0	0.0	0.0	0.0	1.0	1.0	1.0	0.0	0.0	0.0	1.0	2.0	2.0	3.0	0.0	0.0	2.0	1.0	0.0	0.0	1.0	0.0	0.0	2.0	0.0	1.0	0.0	1.0	3.0	0.0	-0.9285714285714286	0.0	9.171428571428573	101.9557142857143	0.9166666666666666	0.0	7.533333333333334	97.78	-1.4894736842105265	-0.1578947368421052	9.126315789473685	129.50526315789477	7	6	19	7	6	19
8g3v	A	AVSDYFNRDLGWEDYYFPF	IPISGI	EGTFNKY	0.0	0.0	1.0	0.0	0.0	0.0	1.0	1.0	0.0	0.0	0.0	1.0	0.0	1.0	0.0	0.0	1.0	0.0	1.0	0.0	0.0	0.0	0.0	0.0	0.0	0.0	0.0	1.0	0.0	3.0	0.0	0.0	0.0	0.0	1.0	1.0	0.0	0.0	0.0	0.0	1.0	1.0	1.0	3.0	0.0	0.0	1.0	1.0	0.0	0.0	1.0	0.0	0.0	3.0	1.0	1.0	0.0	1.0	3.0	1.0	-1.5	0.0	9.171428571428573	122.56142857142858	1.7833333333333332	0.0	6.966666666666666	99.78833333333334	-0.6	-0.1578947368421052	8.321052631578947	126.5584210526316	7	6	19	7	6	19
8g40	A	AVSDYFNRDLGWEDYYFPF	IPISGI	EGTFNKY	0.0	0.0	1.0	0.0	0.0	0.0	1.0	1.0	0.0	0.0	0.0	1.0	0.0	1.0	0.0	0.0	1.0	0.0	1.0	0.0	0.0	0.0	0.0	0.0	0.0	0.0	0.0	1.0	0.0	3.0	0.0	0.0	0.0	0.0	1.0	1.0	0.0	0.0	0.0	0.0	1.0	1.0	1.0	3.0	0.0	0.0	1.0	1.0	0.0	0.0	1.0	0.0	0.0	3.0	1.0	1.0	0.0	1.0	3.0	1.0	-1.5	0.0	9.171428571428573	122.56142857142858	1.7833333333333332	0.0	6.966666666666666	99.78833333333334	-0.6	-0.1578947368421052	8.321052631578947	126.5584210526316	7	6	19	7	6	19
8diu	G	HMGYQVRETMDV	IPIFGT	GGPFRSY	0.0	1.0	0.0	0.0	0.0	0.0	0.0	2.0	0.0	0.0	0.0	0.0	0.0	1.0	1.0	1.0	0.0	0.0	1.0	0.0	0.0	0.0	0.0	0.0	0.0	0.0	0.0	1.0	0.0	2.0	0.0	0.0	0.0	1.0	1.0	0.0	1.0	0.0	0.0	0.0	0.0	1.0	0.0	1.0	0.0	1.0	1.0	1.0	1.0	0.0	0.0	0.0	2.0	0.0	0.0	0.0	1.0	0.0	1.0	2.0	-0.8857142857142858	0.1428571428571428	8.157142857142857	114.40714285714286	1.5166666666666666	0.0	6.866666666666667	107.79666666666668	-0.7000000000000001	0.0	8.641666666666667	122.13916666666668	7	6	12	7	6	12
8dim	B	HMGYQVRETMDV	IPIFGT	GGPFRSY	0.0	1.0	0.0	0.0	0.0	0.0	0.0	2.0	0.0	0.0	0.0	0.0	0.0	1.0	1.0	1.0	0.0	0.0	1.0	0.0	0.0	0.0	0.0	0.0	0.0	0.0	0.0	1.0	0.0	2.0	0.0	0.0	0.0	1.0	1.0	0.0	1.0	0.0	0.0	0.0	0.0	1.0	0.0	1.0	0.0	1.0	1.0	1.0	1.0	0.0	0.0	0.0	2.0	0.0	0.0	0.0	1.0	0.0	1.0	2.0	-0.8857142857142858	0.1428571428571428	8.157142857142857	114.40714285714286	1.5166666666666666	0.0	6.866666666666667	107.79666666666668	-0.7000000000000001	0.0	8.641666666666667	122.13916666666668	7	6	12	7	6	12
5w08	K	DLTLMYVFDSGWARGAHDYYGMDV	NPNTGD	GYTFTAY	1.0	0.0	0.0	0.0	0.0	0.0	0.0	1.0	0.0	0.0	0.0	0.0	0.0	1.0	0.0	0.0	2.0	0.0	2.0	0.0	0.0	0.0	2.0	1.0	0.0	0.0	0.0	1.0	0.0	0.0	0.0	0.0	0.0	0.0	1.0	0.0	1.0	0.0	0.0	0.0	2.0	1.0	0.0	4.0	0.0	0.0	0.0	3.0	1.0	0.0	2.0	0.0	2.0	1.0	0.0	1.0	1.0	1.0	3.0	2.0	0.0285714285714285	0.0	7.414285714285714	117.41285714285712	-2.1999999999999997	-0.1666666666666666	10.3	102.765	-0.125	-0.0833333333333333	8.170833333333333	117.46291666666669	7	6	24	7	6	24
6q18	H	VPPYCTSASCPDDYYYHYMDV	QHGGG	GGSISSSN	0.0	0.0	1.0	0.0	0.0	0.0	0.0	2.0	0.0	1.0	0.0	0.0	0.0	0.0	0.0	4.0	0.0	0.0	0.0	0.0	0.0	0.0	0.0	0.0	0.0	1.0	0.0	3.0	1.0	0.0	0.0	0.0	0.0	0.0	0.0	0.0	0.0	0.0	0.0	0.0	1.0	0.0	0.0	3.0	2.0	0.0	0.0	0.0	1.0	0.0	0.0	0.0	1.0	0.0	3.0	2.0	1.0	0.0	5.0	2.0	-0.375	0.0	8.95	90.71125	-1.58	0.2	9.58	98.084	-0.4857142857142857	-0.0952380952380952	8.0	117.70380952380954	8	5	21	8	5	21
5dup	H	DDSYDGGGHYGLHNWFDS	SG	GFTFSNY	0.0	0.0	1.0	0.0	0.0	0.0	0.0	1.0	0.0	0.0	0.0	0.0	0.0	2.0	0.0	1.0	1.0	0.0	1.0	0.0	0.0	0.0	0.0	0.0	0.0	0.0	0.0	1.0	0.0	0.0	0.0	0.0	0.0	0.0	0.0	1.0	0.0	0.0	0.0	0.0	0.0	0.0	1.0	4.0	0.0	0.0	0.0	4.0	2.0	0.0	1.0	0.0	0.0	1.0	0.0	2.0	0.0	1.0	2.0	0.0	-0.1571428571428572	0.0	7.857142857142857	119.27	-0.6000000000000001	0.0	9.1	81.065	-1.3333333333333333	-0.1111111111111111	9.261111111111113	116.44611111111112	7	2	18	7	2	18
6pzw	F	DKRFITMILVGPFDY	SYDGSN	GFTFNNY	0.0	0.0	2.0	0.0	0.0	0.0	0.0	1.0	0.0	0.0	0.0	0.0	0.0	2.0	0.0	0.0	1.0	0.0	1.0	0.0	0.0	0.0	1.0	1.0	0.0	0.0	0.0	1.0	0.0	0.0	0.0	0.0	0.0	0.0	0.0	2.0	0.0	0.0	1.0	0.0	0.0	1.0	0.0	2.0	0.0	0.0	0.0	1.0	0.0	2.0	1.0	1.0	1.0	2.0	1.0	0.0	1.0	0.0	1.0	1.0	-0.5428571428571429	0.0	8.2	123.1314285714286	-1.7166666666666668	-0.1666666666666666	9.7	106.93166666666669	0.3399999999999999	0.0	7.793333333333334	121.012	7	6	15	7	6	15
4fp8	I	HMSMQQVVSAGWERADLVGDAFDV	NAGGGD	GSSFGESTLSYY	0.0	0.0	0.0	0.0	0.0	0.0	1.0	2.0	0.0	0.0	1.0	0.0	0.0	1.0	0.0	4.0	1.0	0.0	2.0	0.0	1.0	0.0	1.0	1.0	0.0	0.0	0.0	3.0	0.0	0.0	0.0	0.0	0.0	0.0	0.0	0.0	0.0	0.0	0.0	0.0	3.0	1.0	0.0	3.0	0.0	2.0	1.0	2.0	1.0	0.0	1.0	0.0	2.0	1.0	0.0	2.0	0.0	1.0	0.0	4.0	-0.3500000000000001	-0.0833333333333333	8.183333333333334	109.6125	-1.0666666666666669	-0.1666666666666666	9.95	87.57166666666666	0.0249999999999999	-0.0833333333333333	8.516666666666667	111.12333333333332	12	6	24	12	6	24
6d0u	H	HMSMQQVPSAGWEREDLVGDAFDV	NAGGGD	GSSFGESTLSYY	0.0	0.0	0.0	0.0	0.0	0.0	1.0	2.0	0.0	0.0	1.0	0.0	0.0	1.0	0.0	4.0	1.0	0.0	2.0	0.0	1.0	0.0	1.0	1.0	0.0	0.0	0.0	3.0	0.0	0.0	0.0	0.0	0.0	0.0	0.0	0.0	0.0	0.0	0.0	0.0	2.0	1.0	0.0	3.0	0.0	2.0	2.0	2.0	1.0	0.0	1.0	0.0	2.0	1.0	1.0	2.0	0.0	1.0	0.0	3.0	-0.3500000000000001	-0.0833333333333333	8.183333333333334	109.6125	-1.0666666666666669	-0.1666666666666666	9.95	87.57166666666666	-0.4375	-0.125	8.779166666666667	113.45791666666666	12	6	24	12	6	24
4m5z	H	HVRSGYPDTAYYFDK	YHSGS	GYSISSNY	0.0	0.0	1.0	0.0	0.0	0.0	0.0	1.0	0.0	1.0	0.0	0.0	0.0	0.0	0.0	3.0	0.0	0.0	2.0	0.0	0.0	0.0	0.0	0.0	0.0	0.0	0.0	1.0	1.0	0.0	0.0	0.0	0.0	0.0	0.0	2.0	0.0	0.0	1.0	0.0	1.0	1.0	0.0	2.0	0.0	0.0	0.0	1.0	1.0	0.0	0.0	1.0	0.0	1.0	1.0	1.0	1.0	0.0	3.0	1.0	-0.55	0.0	8.225	111.24	-1.3	0.2	8.8	109.906	-1.1466666666666667	0.0666666666666666	8.72	121.26533333333332	8	5	15	8	5	15
4hg4	P	GISGSYGWFDP	IAIFGT	GGTFITH	0.0	0.0	0.0	0.0	0.0	0.0	0.0	2.0	1.0	1.0	0.0	0.0	0.0	1.0	0.0	0.0	2.0	0.0	0.0	0.0	1.0	0.0	0.0	0.0	0.0	0.0	0.0	1.0	0.0	2.0	0.0	0.0	0.0	1.0	0.0	0.0	1.0	0.0	0.0	0.0	0.0	0.0	0.0	1.0	0.0	0.0	0.0	3.0	0.0	1.0	0.0	0.0	0.0	1.0	1.0	2.0	0.0	1.0	1.0	0.0	0.2714285714285714	0.1428571428571428	8.0	107.11428571428571	2.0833333333333335	0.0	6.883333333333333	103.45666666666666	-0.2545454545454546	-0.0909090909090909	8.036363636363637	111.02363636363636	7	6	11	7	6	11
5k9q	U	DKKQGEVVLPAASFRWFAP	SGYTGN	GYSFSRY	0.0	1.0	0.0	0.0	0.0	0.0	0.0	1.0	0.0	0.0	0.0	0.0	0.0	1.0	0.0	2.0	0.0	0.0	2.0	0.0	0.0	0.0	1.0	0.0	0.0	0.0	0.0	2.0	0.0	0.0	0.0	0.0	0.0	0.0	0.0	1.0	1.0	0.0	1.0	0.0	3.0	1.0	0.0	1.0	0.0	1.0	1.0	1.0	0.0	0.0	1.0	2.0	0.0	2.0	2.0	1.0	0.0	1.0	0.0	2.0	-0.9000000000000001	0.1428571428571428	7.928571428571429	125.56285714285715	-1.1833333333333331	0.0	8.933333333333334	102.59666666666668	-0.2578947368421053	0.0526315789473684	8.41578947368421	112.97368421052632	7	6	19	7	6	19
6lxj	M	DLQDTPMVDRIIGSYYYYNGLDV	IPVYGT	GGPFSSY	0.0	0.0	0.0	0.0	0.0	0.0	0.0	2.0	0.0	0.0	0.0	0.0	0.0	1.0	1.0	2.0	0.0	0.0	1.0	0.0	0.0	0.0	0.0	0.0	0.0	0.0	0.0	1.0	0.0	1.0	0.0	0.0	0.0	0.0	1.0	0.0	1.0	0.0	1.0	1.0	0.0	1.0	1.0	4.0	0.0	1.0	0.0	2.0	0.0	2.0	2.0	0.0	1.0	0.0	1.0	1.0	1.0	0.0	4.0	2.0	-0.3571428571428572	0.0	7.971428571428571	104.53428571428572	0.7833333333333333	0.0	7.1499999999999995	108.125	-0.3347826086956522	-0.1304347826086956	8.3	118.65304347826088	7	6	23	7	6	23
5xku	C	GSTGDRHYYYYGMDV	YYSGS	GGSISSGGY	0.0	0.0	0.0	0.0	0.0	0.0	0.0	4.0	0.0	1.0	0.0	0.0	0.0	0.0	0.0	3.0	0.0	0.0	1.0	0.0	0.0	0.0	0.0	0.0	0.0	0.0	0.0	1.0	0.0	0.0	0.0	0.0	0.0	0.0	0.0	2.0	0.0	0.0	2.0	0.0	0.0	1.0	0.0	2.0	0.0	0.0	0.0	3.0	1.0	0.0	0.0	0.0	1.0	0.0	0.0	1.0	1.0	0.0	4.0	1.0	-0.0888888888888889	0.0	8.333333333333334	93.08666666666666	-0.9200000000000002	0.0	7.959999999999999	115.114	-1.1	0.0	8.54	121.32666666666668	9	5	15	9	5	15
6iut	H	GFWGLDGFDI	FDSGS	GGSINSY	0.0	0.0	1.0	0.0	0.0	0.0	0.0	2.0	0.0	1.0	0.0	0.0	0.0	0.0	0.0	2.0	0.0	0.0	1.0	0.0	0.0	0.0	0.0	1.0	0.0	0.0	0.0	1.0	0.0	0.0	0.0	0.0	0.0	1.0	0.0	2.0	0.0	0.0	0.0	0.0	0.0	0.0	0.0	2.0	0.0	0.0	0.0	3.0	0.0	1.0	1.0	0.0	0.0	2.0	0.0	0.0	0.0	1.0	0.0	0.0	-0.3857142857142857	0.0	8.485714285714286	102.10142857142856	-0.54	-0.2	9.12	102.296	0.4799999999999998	-0.2	7.890000000000001	116.223	7	5	10	7	5	10
5dur	H	ALLTTVTTFEY	HGSGH	GDSVSSGSY	0.0	0.0	0.0	1.0	0.0	0.0	0.0	2.0	0.0	0.0	0.0	0.0	0.0	0.0	0.0	4.0	0.0	0.0	1.0	1.0	0.0	0.0	0.0	0.0	0.0	0.0	0.0	2.0	2.0	0.0	0.0	0.0	0.0	0.0	0.0	1.0	0.0	0.0	0.0	0.0	1.0	0.0	0.0	0.0	0.0	0.0	1.0	0.0	0.0	0.0	2.0	0.0	0.0	1.0	0.0	0.0	4.0	0.0	1.0	1.0	-0.5111111111111111	-0.1111111111111111	8.877777777777776	97.31333333333332	-1.6	0.4	9.6	102.292	0.8	-0.0909090909090909	7.445454545454546	112.76818181818182	9	5	11	9	5	11
6e4x	Z	GGVENLMLVAVIQEMWYFDL	YHSGS	GGSVSSNIY	0.0	0.0	1.0	0.0	0.0	0.0	0.0	2.0	0.0	1.0	0.0	0.0	0.0	0.0	0.0	3.0	0.0	0.0	1.0	1.0	0.0	0.0	0.0	0.0	0.0	0.0	0.0	1.0	1.0	0.0	0.0	0.0	0.0	0.0	0.0	2.0	0.0	0.0	1.0	0.0	1.0	0.0	1.0	1.0	0.0	1.0	2.0	2.0	0.0	1.0	3.0	0.0	2.0	1.0	0.0	0.0	0.0	1.0	1.0	3.0	0.0777777777777777	0.0	8.277777777777779	100.10222222222222	-1.3	0.2	8.8	109.906	0.82	-0.15	7.58	117.28799999999998	9	5	20	9	5	20
7mem	H	SDSSGFQYGRREF	SAGGGN	GFTFSSF	0.0	0.0	0.0	0.0	0.0	0.0	0.0	1.0	0.0	0.0	0.0	0.0	0.0	3.0	0.0	2.0	1.0	0.0	0.0	0.0	1.0	0.0	1.0	0.0	0.0	0.0	0.0	3.0	0.0	0.0	0.0	0.0	0.0	0.0	0.0	1.0	0.0	0.0	0.0	0.0	0.0	2.0	0.0	1.0	0.0	1.0	1.0	2.0	0.0	0.0	0.0	0.0	0.0	2.0	0.0	3.0	0.0	0.0	1.0	0.0	0.8142857142857142	0.0	7.371428571428572	113.12285714285714	-0.6166666666666667	0.0	9.316666666666666	82.90333333333332	-1.4153846153846157	0.0	9.153846153846152	119.5076923076923	7	6	13	7	6	13
5ugy	I	GGLEPRSVDYYYYGMDV	HPNSGD	GYTFTDY	0.0	0.0	0.0	1.0	0.0	0.0	0.0	1.0	0.0	0.0	0.0	0.0	0.0	1.0	0.0	0.0	2.0	0.0	2.0	0.0	0.0	0.0	1.0	1.0	0.0	0.0	0.0	1.0	1.0	0.0	0.0	0.0	0.0	0.0	1.0	1.0	0.0	0.0	0.0	0.0	0.0	1.0	0.0	2.0	0.0	0.0	1.0	3.0	0.0	0.0	1.0	0.0	1.0	0.0	1.0	1.0	0.0	0.0	4.0	2.0	-0.7285714285714286	-0.1428571428571428	8.114285714285714	123.7	-2.1666666666666665	0.0	10.2	104.265	-0.5705882352941177	-0.1176470588235294	8.24705882352941	118.83411764705885	7	6	17	7	6	17
3lzf	H	TLRVSGDYVRDFDL	DWDDDTYY	GFSLSTSGM	0.0	0.0	0.0	0.0	0.0	0.0	0.0	2.0	0.0	0.0	1.0	0.0	1.0	1.0	0.0	3.0	1.0	0.0	0.0	0.0	0.0	0.0	0.0	4.0	0.0	0.0	0.0	0.0	0.0	0.0	0.0	0.0	0.0	0.0	0.0	0.0	1.0	1.0	2.0	0.0	0.0	2.0	0.0	3.0	0.0	0.0	0.0	1.0	0.0	0.0	2.0	0.0	0.0	1.0	0.0	1.0	1.0	0.0	1.0	2.0	0.5111111111111111	0.0	7.777777777777778	100.44333333333331	-2.275	-0.5	9.8	134.25625	-0.2785714285714286	-0.0714285714285714	8.557142857142857	118.27357142857144	9	8	14	9	8	14
6q0h	H	APPYCTSASCPDDYYYYYMDV	YHGGS	GGSISSSN	0.0	0.0	1.0	0.0	0.0	0.0	0.0	2.0	0.0	1.0	0.0	0.0	0.0	0.0	0.0	4.0	0.0	0.0	0.0	0.0	0.0	0.0	0.0	0.0	0.0	0.0	0.0	2.0	1.0	0.0	0.0	0.0	0.0	0.0	0.0	1.0	0.0	0.0	1.0	0.0	2.0	0.0	0.0	3.0	2.0	0.0	0.0	0.0	0.0	0.0	0.0	0.0	1.0	0.0	3.0	2.0	1.0	0.0	6.0	1.0	-0.375	0.0	8.95	90.71125	-1.2200000000000002	0.2	8.76	107.5	-0.5095238095238096	-0.1428571428571428	7.904761904761905	117.60809523809525	8	5	21	8	5	21
4yk4	C	RRSDFETVDFIYHYMDV	YYSGS	GGSISSY	0.0	0.0	0.0	0.0	0.0	0.0	0.0	2.0	0.0	1.0	0.0	0.0	0.0	0.0	0.0	3.0	0.0	0.0	1.0	0.0	0.0	0.0	0.0	0.0	0.0	0.0	0.0	1.0	0.0	0.0	0.0	0.0	0.0	0.0	0.0	2.0	0.0	0.0	2.0	0.0	0.0	2.0	0.0	3.0	0.0	0.0	1.0	0.0	1.0	1.0	0.0	0.0	1.0	2.0	0.0	1.0	1.0	0.0	2.0	2.0	-3.1720657846433036e-17	0.0	8.142857142857142	98.24	-0.9200000000000002	0.0	7.959999999999999	115.114	-0.5823529411764706	-0.0588235294117647	8.588235294117647	127.9670588235294	7	5	17	7	5	17
6urm	H	MLYGDLGGRFDP	DWDDN	GFSLSTSGM	0.0	0.0	0.0	0.0	0.0	0.0	0.0	2.0	0.0	0.0	1.0	0.0	1.0	1.0	0.0	3.0	1.0	0.0	0.0	0.0	0.0	0.0	1.0	3.0	0.0	0.0	0.0	0.0	0.0	0.0	0.0	0.0	0.0	0.0	0.0	0.0	0.0	1.0	0.0	0.0	0.0	1.0	0.0	2.0	0.0	0.0	0.0	3.0	0.0	0.0	2.0	0.0	1.0	1.0	1.0	0.0	0.0	0.0	1.0	0.0	0.5111111111111111	0.0	7.777777777777778	100.44333333333331	-2.98	-0.6	11.2	129.12	-0.2750000000000001	-0.0833333333333333	8.200000000000001	114.71	9	5	12	9	5	12
6xq0	B	ALTEWLFQRGTRNHYYYGMDV	GKGGE	GFMFRSY	0.0	1.0	0.0	0.0	0.0	0.0	0.0	1.0	0.0	0.0	0.0	0.0	1.0	2.0	0.0	1.0	0.0	0.0	1.0	0.0	0.0	0.0	0.0	0.0	0.0	0.0	1.0	3.0	0.0	0.0	0.0	1.0	0.0	0.0	0.0	0.0	0.0	0.0	0.0	0.0	1.0	2.0	1.0	1.0	0.0	1.0	1.0	2.0	1.0	0.0	2.0	0.0	1.0	1.0	0.0	0.0	2.0	1.0	3.0	1.0	0.0714285714285713	0.1428571428571428	7.285714285714286	129.57999999999998	-1.72	0.0	10.12	96.49	-0.7095238095238096	0.0476190476190476	8.223809523809523	125.6647619047619	7	5	21	7	5	21
6a4k	I	LNYDILTGYYFFDF	SVSGT	GGSVNTGSY	0.0	0.0	1.0	0.0	0.0	0.0	0.0	3.0	0.0	0.0	0.0	0.0	0.0	0.0	0.0	2.0	1.0	0.0	1.0	1.0	0.0	0.0	0.0	0.0	0.0	0.0	0.0	1.0	0.0	0.0	0.0	0.0	0.0	0.0	0.0	2.0	1.0	0.0	0.0	1.0	0.0	0.0	1.0	2.0	0.0	0.0	0.0	1.0	0.0	1.0	2.0	0.0	0.0	3.0	0.0	0.0	1.0	0.0	3.0	0.0	-0.4555555555555555	0.0	8.633333333333333	97.42666666666668	0.3	0.0	8.379999999999999	89.89	0.3571428571428571	-0.1428571428571428	7.457142857142857	127.92928571428573	9	5	14	9	5	14
6pzy	I	DPSFWSSTSRTSPYYYGMDV	NHRGS	GYTISSGY	0.0	0.0	0.0	0.0	0.0	0.0	0.0	2.0	0.0	1.0	0.0	0.0	0.0	0.0	0.0	2.0	1.0	0.0	2.0	0.0	0.0	1.0	1.0	0.0	0.0	0.0	0.0	1.0	1.0	0.0	0.0	0.0	0.0	0.0	0.0	1.0	0.0	0.0	0.0	0.0	0.0	1.0	0.0	2.0	0.0	0.0	0.0	1.0	0.0	0.0	0.0	0.0	1.0	1.0	2.0	5.0	2.0	1.0	3.0	1.0	-0.15	0.0	7.825	108.11125	-2.48	0.4	10.14	113.914	-0.8200000000000001	-0.05	8.275	117.3275	8	5	20	8	5	20
7t3d	O	GSITWPTEYYLDY	SSSSLS	GFTFSTY	0.0	0.0	0.0	0.0	0.0	0.0	0.0	1.0	0.0	0.0	0.0	0.0	0.0	2.0	0.0	1.0	2.0	0.0	1.0	0.0	0.0	0.0	0.0	0.0	0.0	0.0	0.0	0.0	0.0	0.0	1.0	0.0	0.0	0.0	0.0	5.0	0.0	0.0	0.0	0.0	0.0	0.0	0.0	1.0	0.0	0.0	1.0	1.0	0.0	1.0	1.0	0.0	0.0	0.0	1.0	1.0	2.0	1.0	3.0	0.0	0.2428571428571428	0.0	7.428571428571429	117.41285714285712	-0.0333333333333334	0.0	8.483333333333333	91.42666666666666	-0.5923076923076923	-0.1538461538461538	7.907692307692307	123.67384615384616	7	6	13	7	6	13
6u02	H	STAAEFFDY	KQDGSE	GFTFSSY	0.0	0.0	0.0	0.0	0.0	0.0	0.0	1.0	0.0	0.0	0.0	0.0	0.0	2.0	0.0	2.0	1.0	0.0	1.0	0.0	0.0	0.0	0.0	1.0	0.0	1.0	1.0	1.0	0.0	0.0	0.0	1.0	0.0	0.0	0.0	1.0	0.0	0.0	0.0	0.0	2.0	0.0	0.0	1.0	0.0	0.0	1.0	0.0	0.0	0.0	0.0	0.0	0.0	2.0	0.0	1.0	1.0	0.0	1.0	0.0	0.2285714285714285	0.0	7.514285714285714	115.40857142857143	-2.6	-0.1666666666666666	10.883333333333333	110.44166666666666	-0.0666666666666667	-0.2222222222222222	8.433333333333334	114.67777777777776	7	6	9	7	6	9
5dum	H	HRRGHFYGSGSAWDWFES	DPTDSY	GFAYSSTYF	1.0	0.0	0.0	0.0	0.0	0.0	0.0	1.0	0.0	0.0	0.0	0.0	0.0	2.0	0.0	2.0	1.0	0.0	2.0	0.0	0.0	0.0	0.0	2.0	0.0	0.0	0.0	0.0	0.0	0.0	0.0	0.0	0.0	0.0	1.0	1.0	1.0	0.0	1.0	0.0	1.0	2.0	0.0	1.0	0.0	0.0	1.0	3.0	2.0	0.0	0.0	0.0	0.0	2.0	0.0	3.0	0.0	2.0	1.0	0.0	0.2333333333333332	0.0	7.433333333333334	115.79111111111112	-1.9	-0.3333333333333333	9.666666666666666	113.11166666666668	-1.2055555555555555	0.1111111111111111	8.733333333333333	123.24	9	6	18	9	6	18
4hkx	A	AGLEPRSVDYYFYGLDV	HPNSGA	GYTFTDN	0.0	0.0	1.0	1.0	0.0	0.0	0.0	1.0	0.0	0.0	0.0	0.0	0.0	1.0	0.0	0.0	2.0	0.0	1.0	0.0	1.0	0.0	1.0	0.0	0.0	0.0	0.0	1.0	1.0	0.0	0.0	0.0	0.0	0.0	1.0	1.0	0.0	0.0	0.0	0.0	1.0	1.0	0.0	2.0	0.0	0.0	1.0	2.0	0.0	0.0	2.0	0.0	0.0	1.0	1.0	1.0	0.0	0.0	3.0	2.0	-1.042857142857143	-0.1428571428571428	8.885714285714286	116.69	-1.2833333333333334	0.1666666666666666	9.383333333333333	96.93	-0.088235294117647	-0.1176470588235294	8.088235294117647	116.59823529411766	7	6	17	7	6	17
6q0o	Z	APPYCSSASCPDDYYYFFLDV	SHGVY	GGSISSSQ	0.0	0.0	0.0	0.0	0.0	1.0	0.0	2.0	0.0	1.0	0.0	0.0	0.0	0.0	0.0	4.0	0.0	0.0	0.0	0.0	0.0	0.0	0.0	0.0	0.0	0.0	0.0	1.0	1.0	0.0	0.0	0.0	0.0	0.0	0.0	1.0	0.0	0.0	1.0	1.0	2.0	0.0	0.0	3.0	2.0	0.0	0.0	0.0	0.0	0.0	1.0	0.0	0.0	2.0	3.0	3.0	0.0	0.0	4.0	1.0	-0.375	0.0	8.8125	92.46375	-0.3	0.2	8.14	112.316	-0.0333333333333333	-0.1428571428571428	7.800000000000001	114.55714285714286	8	5	21	8	5	21
6xq2	F	DLVYTGSYYGMDV	RSSGTV	GFTFSNY	0.0	0.0	1.0	0.0	0.0	0.0	0.0	1.0	0.0	0.0	0.0	0.0	0.0	2.0	0.0	1.0	1.0	0.0	1.0	0.0	0.0	1.0	0.0	0.0	0.0	0.0	0.0	1.0	0.0	0.0	0.0	0.0	0.0	0.0	0.0	2.0	1.0	0.0	0.0	1.0	0.0	0.0	0.0	2.0	0.0	0.0	0.0	2.0	0.0	0.0	1.0	0.0	1.0	0.0	0.0	1.0	1.0	0.0	3.0	2.0	-0.1571428571428572	0.0	7.857142857142857	119.27	-0.5	0.1666666666666666	8.733333333333333	100.94	0.0692307692307692	-0.1538461538461538	7.907692307692307	115.43307692307692	7	6	13	7	6	13
6ml8	H	HMSMQQVVSAGWERADLVGDAFDV	NAGGGD	GSSFGESTLSYY	0.0	0.0	0.0	0.0	0.0	0.0	1.0	2.0	0.0	0.0	1.0	0.0	0.0	1.0	0.0	4.0	1.0	0.0	2.0	0.0	1.0	0.0	1.0	1.0	0.0	0.0	0.0	3.0	0.0	0.0	0.0	0.0	0.0	0.0	0.0	0.0	0.0	0.0	0.0	0.0	3.0	1.0	0.0	3.0	0.0	2.0	1.0	2.0	1.0	0.0	1.0	0.0	2.0	1.0	0.0	2.0	0.0	1.0	0.0	4.0	-0.3500000000000001	-0.0833333333333333	8.183333333333334	109.6125	-1.0666666666666669	-0.1666666666666666	9.95	87.57166666666666	0.0249999999999999	-0.0833333333333333	8.516666666666667	111.12333333333332	12	6	24	12	6	24
6pzf	H	STAAEFFDY	KQDGSE	GFTFSSY	0.0	0.0	0.0	0.0	0.0	0.0	0.0	1.0	0.0	0.0	0.0	0.0	0.0	2.0	0.0	2.0	1.0	0.0	1.0	0.0	0.0	0.0	0.0	1.0	0.0	1.0	1.0	1.0	0.0	0.0	0.0	1.0	0.0	0.0	0.0	1.0	0.0	0.0	0.0	0.0	2.0	0.0	0.0	1.0	0.0	0.0	1.0	0.0	0.0	0.0	0.0	0.0	0.0	2.0	0.0	1.0	1.0	0.0	1.0	0.0	0.2285714285714285	0.0	7.514285714285714	115.40857142857143	-2.6	-0.1666666666666666	10.883333333333333	110.44166666666666	-0.0666666666666667	-0.2222222222222222	8.433333333333334	114.67777777777776	7	6	9	7	6	9
6pze	H	DPGLEWELSVLSNWFDP	YYSGS	GGSISSSSY	0.0	0.0	0.0	0.0	0.0	0.0	0.0	2.0	0.0	1.0	0.0	0.0	0.0	0.0	0.0	5.0	0.0	0.0	1.0	0.0	0.0	0.0	0.0	0.0	0.0	0.0	0.0	1.0	0.0	0.0	0.0	0.0	0.0	0.0	0.0	2.0	0.0	0.0	2.0	0.0	0.0	0.0	1.0	2.0	0.0	0.0	2.0	1.0	0.0	0.0	3.0	0.0	0.0	1.0	2.0	2.0	0.0	2.0	0.0	1.0	-0.1777777777777778	0.0	8.377777777777776	95.76	-0.9200000000000002	0.0	7.959999999999999	115.114	-0.3588235294117647	-0.2352941176470588	8.36470588235294	117.89470588235294	9	5	17	9	5	17
6whk	C	DWVRDIILLPALHLDY	RSKVYGGT	GFTFGDY	0.0	0.0	0.0	1.0	0.0	0.0	0.0	2.0	0.0	0.0	0.0	0.0	0.0	2.0	0.0	0.0	1.0	0.0	1.0	0.0	0.0	1.0	0.0	0.0	0.0	0.0	0.0	2.0	0.0	0.0	0.0	1.0	0.0	0.0	0.0	1.0	1.0	0.0	1.0	1.0	1.0	1.0	0.0	3.0	0.0	0.0	0.0	0.0	1.0	2.0	4.0	0.0	0.0	0.0	1.0	0.0	0.0	1.0	1.0	1.0	-0.1	-0.1428571428571428	8.028571428571428	117.69142857142856	-0.975	0.25	8.7125	110.62125	0.5125	-0.0625	7.71875	120.893125	7	8	16	7	8	16
6oc3	C	GTEDLGYCSSGSCPNH	FYNGD	GVSVTSDIY	0.0	0.0	0.0	1.0	0.0	0.0	0.0	1.0	0.0	1.0	0.0	0.0	0.0	0.0	0.0	2.0	1.0	0.0	1.0	2.0	0.0	0.0	1.0	1.0	0.0	0.0	0.0	1.0	0.0	0.0	0.0	0.0	0.0	1.0	0.0	0.0	0.0	0.0	1.0	0.0	0.0	0.0	1.0	1.0	2.0	0.0	1.0	3.0	1.0	0.0	1.0	0.0	0.0	0.0	1.0	3.0	1.0	0.0	1.0	0.0	0.6000000000000001	-0.1111111111111111	8.022222222222222	104.44555555555556	-1.1800000000000002	-0.2	9.0	122.922	-0.7562500000000001	-0.0625	8.7875	103.92	9	5	16	9	5	16
6q0i	H	APPYCTSASCPDDYYYYYMDV	YHGGS	GGSISSSN	0.0	0.0	1.0	0.0	0.0	0.0	0.0	2.0	0.0	1.0	0.0	0.0	0.0	0.0	0.0	4.0	0.0	0.0	0.0	0.0	0.0	0.0	0.0	0.0	0.0	0.0	0.0	2.0	1.0	0.0	0.0	0.0	0.0	0.0	0.0	1.0	0.0	0.0	1.0	0.0	2.0	0.0	0.0	3.0	2.0	0.0	0.0	0.0	0.0	0.0	0.0	0.0	1.0	0.0	3.0	2.0	1.0	0.0	6.0	1.0	-0.375	0.0	8.95	90.71125	-1.2200000000000002	0.2	8.76	107.5	-0.5095238095238096	-0.1428571428571428	7.904761904761905	117.60809523809525	8	5	21	8	5	21
5a3i	G	HASCSARSCYWGPVDY	YPASSE	GYSFSDY	0.0	0.0	0.0	1.0	0.0	0.0	0.0	1.0	0.0	0.0	0.0	0.0	0.0	1.0	0.0	2.0	0.0	0.0	2.0	0.0	1.0	0.0	0.0	0.0	0.0	0.0	1.0	0.0	0.0	0.0	0.0	0.0	0.0	0.0	1.0	2.0	0.0	0.0	1.0	0.0	2.0	1.0	0.0	1.0	2.0	0.0	0.0	1.0	1.0	0.0	0.0	0.0	0.0	0.0	1.0	3.0	0.0	1.0	2.0	1.0	-0.7571428571428572	-0.1428571428571428	8.285714285714286	119.69142857142856	-1.0333333333333334	-0.1666666666666666	8.833333333333334	105.77666666666666	-0.39375	0.0625	8.0875	112.625	7	6	16	7	6	16
6a67	C	AENLLSPYLAEGFDP	YHSGS	GGSISSGTY	0.0	0.0	0.0	0.0	0.0	0.0	0.0	3.0	0.0	1.0	0.0	0.0	0.0	0.0	0.0	3.0	1.0	0.0	1.0	0.0	0.0	0.0	0.0	0.0	0.0	0.0	0.0	1.0	1.0	0.0	0.0	0.0	0.0	0.0	0.0	2.0	0.0	0.0	1.0	0.0	2.0	0.0	1.0	1.0	0.0	0.0	2.0	1.0	0.0	0.0	3.0	0.0	0.0	1.0	2.0	1.0	0.0	0.0	1.0	0.0	-0.1222222222222222	0.0	8.288888888888888	95.98222222222222	-1.3	0.2	8.8	109.906	-0.1266666666666667	-0.2	8.38	109.054	9	5	15	9	5	15
6iuv	C	RATYYYGSGSYFDAFDI	DPSDSD	GNNFPSY	0.0	0.0	2.0	0.0	0.0	0.0	0.0	1.0	0.0	0.0	0.0	0.0	0.0	1.0	1.0	1.0	0.0	0.0	1.0	0.0	0.0	0.0	0.0	3.0	0.0	0.0	0.0	0.0	0.0	0.0	0.0	0.0	0.0	0.0	1.0	2.0	0.0	0.0	0.0	0.0	2.0	1.0	0.0	2.0	0.0	0.0	0.0	2.0	0.0	1.0	0.0	0.0	0.0	2.0	0.0	2.0	1.0	0.0	4.0	0.0	-1.1857142857142855	0.0	8.685714285714285	113.97571428571428	-2.283333333333333	-0.5	10.9	102.75833333333333	-0.3588235294117647	-0.0588235294117647	8.123529411764705	118.47882352941176	7	6	17	7	6	17
6p3r	C	GFLERLLLGRQGAYYYGMDV	KQDGSE	RFTSSSY	0.0	1.0	0.0	0.0	0.0	0.0	0.0	0.0	0.0	0.0	0.0	0.0	0.0	1.0	0.0	3.0	1.0	0.0	1.0	0.0	0.0	0.0	0.0	1.0	0.0	1.0	1.0	1.0	0.0	0.0	0.0	1.0	0.0	0.0	0.0	1.0	0.0	0.0	0.0	0.0	1.0	2.0	0.0	1.0	0.0	1.0	1.0	4.0	0.0	0.0	4.0	0.0	1.0	1.0	0.0	0.0	0.0	0.0	3.0	1.0	-0.8714285714285716	0.1428571428571428	8.299999999999999	118.41428571428573	-2.6	-0.1666666666666666	10.883333333333333	110.44166666666666	0.0449999999999999	0.0	7.795	118.7845	7	6	20	7	6	20
5umn	E	HMSMQQVPGSGWERADLVGDAFDV	NAGGGD	GSSFGESTLSYY	0.0	0.0	0.0	0.0	0.0	0.0	1.0	2.0	0.0	0.0	1.0	0.0	0.0	1.0	0.0	4.0	1.0	0.0	2.0	0.0	1.0	0.0	1.0	1.0	0.0	0.0	0.0	3.0	0.0	0.0	0.0	0.0	0.0	0.0	0.0	0.0	0.0	0.0	0.0	0.0	2.0	1.0	0.0	3.0	0.0	2.0	1.0	3.0	1.0	0.0	1.0	0.0	2.0	1.0	1.0	2.0	0.0	1.0	0.0	3.0	-0.3500000000000001	-0.0833333333333333	8.183333333333334	109.6125	-1.0666666666666669	-0.1666666666666666	9.95	87.57166666666666	-0.3083333333333333	-0.0833333333333333	8.641666666666667	111.205	12	6	24	12	6	24
4xnm	B	VALFDILTGGWFDP	YHSGN	GGSISSSY	0.0	0.0	0.0	0.0	0.0	0.0	0.0	2.0	0.0	1.0	0.0	0.0	0.0	0.0	0.0	4.0	0.0	0.0	1.0	0.0	0.0	0.0	1.0	0.0	0.0	0.0	0.0	1.0	1.0	0.0	0.0	0.0	0.0	0.0	0.0	1.0	0.0	0.0	1.0	0.0	1.0	0.0	0.0	2.0	0.0	0.0	0.0	2.0	0.0	1.0	2.0	0.0	0.0	2.0	1.0	0.0	1.0	1.0	0.0	1.0	-0.1	0.0	8.275	96.845	-1.8400000000000003	0.2	9.28	115.31199999999998	0.9071428571428573	-0.1428571428571428	7.528571428571429	112.05571428571427	8	5	14	8	5	14
6q20	H	VRTWGDYTTGEEIINSWYFDL	NWNGDI	GFTFDDY	0.0	0.0	0.0	2.0	0.0	0.0	0.0	1.0	0.0	0.0	0.0	0.0	0.0	2.0	0.0	0.0	1.0	0.0	1.0	0.0	0.0	0.0	2.0	1.0	0.0	0.0	0.0	1.0	0.0	1.0	0.0	0.0	0.0	0.0	0.0	0.0	0.0	1.0	0.0	0.0	0.0	1.0	1.0	2.0	0.0	0.0	2.0	2.0	0.0	2.0	1.0	0.0	0.0	1.0	0.0	1.0	3.0	2.0	2.0	1.0	-0.5428571428571429	-0.2857142857142857	8.6	123.41142857142856	-1.2166666666666666	-0.1666666666666666	9.3	119.62333333333332	-0.4904761904761905	-0.1428571428571428	8.347619047619048	123.03904761904762	7	6	21	7	6	21
6q0e	H	APPYCSSTSCPDDYYYYYMDV	YHSGS	GGSISSSN	0.0	0.0	1.0	0.0	0.0	0.0	0.0	2.0	0.0	1.0	0.0	0.0	0.0	0.0	0.0	4.0	0.0	0.0	0.0	0.0	0.0	0.0	0.0	0.0	0.0	0.0	0.0	1.0	1.0	0.0	0.0	0.0	0.0	0.0	0.0	2.0	0.0	0.0	1.0	0.0	1.0	0.0	0.0	3.0	2.0	0.0	0.0	0.0	0.0	0.0	0.0	0.0	1.0	0.0	3.0	3.0	1.0	0.0	6.0	1.0	-0.375	0.0	8.95	90.71125	-1.3	0.2	8.8	109.906	-0.6333333333333334	-0.1428571428571428	7.957142857142857	118.37	8	5	21	8	5	21
4xrc	B	VALFDILTGGWFDP	YHSGN	GGSISSSY	0.0	0.0	0.0	0.0	0.0	0.0	0.0	2.0	0.0	1.0	0.0	0.0	0.0	0.0	0.0	4.0	0.0	0.0	1.0	0.0	0.0	0.0	1.0	0.0	0.0	0.0	0.0	1.0	1.0	0.0	0.0	0.0	0.0	0.0	0.0	1.0	0.0	0.0	1.0	0.0	1.0	0.0	0.0	2.0	0.0	0.0	0.0	2.0	0.0	1.0	2.0	0.0	0.0	2.0	1.0	0.0	1.0	1.0	0.0	1.0	-0.1	0.0	8.275	96.845	-1.8400000000000003	0.2	9.28	115.31199999999998	0.9071428571428573	-0.1428571428571428	7.528571428571429	112.05571428571427	8	5	14	8	5	14
6xpx	B	DRGGLDV	SFDGGE	GFTFRDS	0.0	1.0	0.0	1.0	0.0	0.0	0.0	1.0	0.0	0.0	0.0	0.0	0.0	2.0	0.0	1.0	1.0	0.0	0.0	0.0	0.0	0.0	0.0	1.0	0.0	0.0	1.0	2.0	0.0	0.0	0.0	0.0	0.0	1.0	0.0	1.0	0.0	0.0	0.0	0.0	0.0	1.0	0.0	2.0	0.0	0.0	0.0	2.0	0.0	0.0	1.0	0.0	0.0	0.0	0.0	0.0	0.0	0.0	0.0	1.0	-0.6142857142857144	0.0	8.671428571428573	118.41142857142856	-0.9666666666666668	-0.3333333333333333	9.616666666666667	104.76166666666668	-0.6142857142857142	-0.1428571428571428	9.328571428571427	106.96571428571428	7	6	7	7	6	7
6uig	B	ESLWNPDYYYYMDV	YSTGN	GGSINSSHS	0.0	0.0	1.0	0.0	0.0	0.0	0.0	2.0	1.0	1.0	0.0	0.0	0.0	0.0	0.0	4.0	0.0	0.0	0.0	0.0	0.0	0.0	1.0	0.0	0.0	0.0	0.0	1.0	0.0	0.0	0.0	0.0	0.0	0.0	0.0	1.0	1.0	0.0	1.0	0.0	0.0	0.0	1.0	2.0	0.0	0.0	1.0	0.0	0.0	0.0	1.0	0.0	1.0	0.0	1.0	1.0	0.0	1.0	4.0	1.0	-0.6888888888888889	0.1111111111111111	9.11111111111111	95.87	-1.34	0.0	8.92	108.106	-0.9	-0.2142857142857142	8.128571428571428	131.43142857142857	9	5	14	9	5	14
5k9k	H	GSAMIFGIVIILES	YYRSKWY	GDTVSSNRA	1.0	1.0	1.0	1.0	0.0	0.0	0.0	1.0	0.0	0.0	0.0	0.0	0.0	0.0	0.0	2.0	1.0	0.0	0.0	1.0	0.0	1.0	0.0	0.0	0.0	0.0	0.0	0.0	0.0	0.0	0.0	1.0	0.0	0.0	0.0	1.0	0.0	1.0	3.0	0.0	1.0	0.0	0.0	0.0	0.0	0.0	1.0	2.0	0.0	4.0	1.0	0.0	1.0	1.0	0.0	2.0	0.0	0.0	0.0	1.0	-0.911111111111111	0.0	9.455555555555556	100.65777777777777	-2.0	0.2857142857142857	7.857142857142857	149.60142857142858	1.9	-0.0714285714285714	7.0928571428571425	104.84071428571428	9	7	14	9	7	14
4xnq	H	VALFDILTGGWFDP	YHSGN	GGSISSSY	0.0	0.0	0.0	0.0	0.0	0.0	0.0	2.0	0.0	1.0	0.0	0.0	0.0	0.0	0.0	4.0	0.0	0.0	1.0	0.0	0.0	0.0	1.0	0.0	0.0	0.0	0.0	1.0	1.0	0.0	0.0	0.0	0.0	0.0	0.0	1.0	0.0	0.0	1.0	0.0	1.0	0.0	0.0	2.0	0.0	0.0	0.0	2.0	0.0	1.0	2.0	0.0	0.0	2.0	1.0	0.0	1.0	1.0	0.0	1.0	-0.1	0.0	8.275	96.845	-1.8400000000000003	0.2	9.28	115.31199999999998	0.9071428571428573	-0.1428571428571428	7.528571428571429	112.05571428571427	8	5	14	8	5	14
6ocb	H	GTEDLGYCSSGSCPNH	FYNGD	GVSVTSDIY	0.0	0.0	0.0	1.0	0.0	0.0	0.0	1.0	0.0	1.0	0.0	0.0	0.0	0.0	0.0	2.0	1.0	0.0	1.0	2.0	0.0	0.0	1.0	1.0	0.0	0.0	0.0	1.0	0.0	0.0	0.0	0.0	0.0	1.0	0.0	0.0	0.0	0.0	1.0	0.0	0.0	0.0	1.0	1.0	2.0	0.0	1.0	3.0	1.0	0.0	1.0	0.0	0.0	0.0	1.0	3.0	1.0	0.0	1.0	0.0	0.6000000000000001	-0.1111111111111111	8.022222222222222	104.44555555555556	-1.1800000000000002	-0.2	9.0	122.922	-0.7562500000000001	-0.0625	8.7875	103.92	9	5	16	9	5	16
4o58	H	PSITESHYCLDCAAKDYYYGLDV	IPFFGT	GTFYKY	0.0	0.0	0.0	0.0	0.0	0.0	0.0	1.0	0.0	0.0	0.0	1.0	0.0	1.0	0.0	0.0	1.0	0.0	2.0	0.0	0.0	0.0	0.0	0.0	0.0	0.0	0.0	1.0	0.0	1.0	0.0	0.0	0.0	2.0	1.0	0.0	1.0	0.0	0.0	0.0	2.0	0.0	0.0	3.0	2.0	0.0	1.0	1.0	1.0	1.0	2.0	1.0	0.0	0.0	1.0	2.0	1.0	0.0	4.0	1.0	-0.7999999999999999	0.1666666666666666	7.75	129.64666666666668	1.2333333333333332	0.0	6.866666666666667	113.46666666666664	-0.2478260869565217	-0.0869565217391304	8.256521739130434	114.21478260869566	6	6	23	6	6	23
5w0d	B	DLTLMYVHSSGWERGVYYYYGMDV	NPNSGG	GYTFTGY	0.0	0.0	0.0	0.0	0.0	0.0	0.0	2.0	0.0	0.0	0.0	0.0	0.0	1.0	0.0	0.0	2.0	0.0	2.0	0.0	0.0	0.0	2.0	0.0	0.0	0.0	0.0	2.0	0.0	0.0	0.0	0.0	0.0	0.0	1.0	1.0	0.0	0.0	0.0	0.0	0.0	1.0	0.0	2.0	0.0	0.0	1.0	3.0	1.0	0.0	2.0	0.0	2.0	0.0	0.0	2.0	1.0	1.0	5.0	3.0	-0.2857142857142857	0.0	7.542857142857143	117.98	-1.7	0.0	9.733333333333333	93.75333333333332	-0.2125	-0.0416666666666666	7.854166666666667	122.55333333333331	7	6	24	7	6	24
4hf5	H	QQDSGYSGPEVSYYSHYGMDV	WYDGSK	GFMFSSY	0.0	0.0	0.0	0.0	0.0	0.0	0.0	1.0	0.0	0.0	0.0	0.0	1.0	2.0	0.0	2.0	0.0	0.0	1.0	0.0	0.0	0.0	0.0	1.0	0.0	0.0	0.0	1.0	0.0	0.0	0.0	1.0	0.0	0.0	0.0	1.0	0.0	1.0	1.0	0.0	0.0	0.0	0.0	2.0	0.0	2.0	1.0	3.0	1.0	0.0	0.0	0.0	1.0	0.0	1.0	4.0	0.0	0.0	4.0	2.0	0.5999999999999999	0.0	7.1000000000000005	119.70714285714288	-1.8	0.0	9.016666666666667	125.8	-1.0285714285714287	-0.0952380952380952	8.752380952380953	114.54619047619046	7	6	21	7	6	21
6e56	G	SSNYYGSGSYSPDDYYHMDV	SGSGRS	GFTFNHY	0.0	0.0	1.0	0.0	0.0	0.0	0.0	1.0	1.0	0.0	0.0	0.0	0.0	2.0	0.0	0.0	1.0	0.0	1.0	0.0	0.0	1.0	0.0	0.0	0.0	0.0	0.0	2.0	0.0	0.0	0.0	0.0	0.0	0.0	0.0	3.0	0.0	0.0	0.0	0.0	0.0	0.0	1.0	3.0	0.0	0.0	0.0	2.0	1.0	0.0	0.0	0.0	1.0	0.0	1.0	5.0	0.0	0.0	5.0	1.0	-0.5000000000000001	0.1428571428571428	8.028571428571428	126.42142857142858	-1.2833333333333334	0.1666666666666666	9.35	94.58833333333332	-1.2	-0.1	8.78	116.2685	7	6	20	7	6	20
6q0l	H	APPYCTSASCPDDYYYYYMDV	YHGGS	GGSISSSN	0.0	0.0	1.0	0.0	0.0	0.0	0.0	2.0	0.0	1.0	0.0	0.0	0.0	0.0	0.0	4.0	0.0	0.0	0.0	0.0	0.0	0.0	0.0	0.0	0.0	0.0	0.0	2.0	1.0	0.0	0.0	0.0	0.0	0.0	0.0	1.0	0.0	0.0	1.0	0.0	2.0	0.0	0.0	3.0	2.0	0.0	0.0	0.0	0.0	0.0	0.0	0.0	1.0	0.0	3.0	2.0	1.0	0.0	6.0	1.0	-0.375	0.0	8.95	90.71125	-1.2200000000000002	0.2	8.76	107.5	-0.5095238095238096	-0.1428571428571428	7.904761904761905	117.60809523809525	8	5	21	8	5	21
4kvn	H	PGPVFGIFPPWSYFDN	SYDGAN	GSSY	0.0	0.0	0.0	0.0	0.0	0.0	0.0	1.0	0.0	0.0	0.0	0.0	0.0	0.0	0.0	2.0	0.0	0.0	1.0	0.0	1.0	0.0	1.0	1.0	0.0	0.0	0.0	1.0	0.0	0.0	0.0	0.0	0.0	0.0	0.0	1.0	0.0	0.0	1.0	0.0	0.0	0.0	1.0	1.0	0.0	0.0	0.0	2.0	0.0	1.0	0.0	0.0	0.0	3.0	4.0	1.0	0.0	1.0	1.0	1.0	-0.8250000000000001	0.0	8.4	103.0975	-1.2833333333333334	-0.1666666666666666	9.516666666666667	104.265	-0.00625	-0.0625	7.63125	116.130625	4	6	16	4	6	16
5vag	C	DPSFWAAEYFQH	IPIFGT	GGTFSSY	0.0	0.0	0.0	0.0	0.0	0.0	0.0	2.0	0.0	0.0	0.0	0.0	0.0	1.0	0.0	2.0	1.0	0.0	1.0	0.0	0.0	0.0	0.0	0.0	0.0	0.0	0.0	1.0	0.0	2.0	0.0	0.0	0.0	1.0	1.0	0.0	1.0	0.0	0.0	0.0	2.0	0.0	0.0	1.0	0.0	1.0	1.0	0.0	1.0	0.0	0.0	0.0	0.0	2.0	1.0	1.0	0.0	1.0	1.0	0.0	-0.2285714285714286	0.0	8.057142857142857	105.10428571428572	1.5166666666666666	0.0	6.866666666666667	107.79666666666668	-0.7583333333333334	-0.0833333333333333	8.466666666666667	123.3	7	6	12	7	6	12
4hfu	H	VGGEWGSGRYYLDH	TPIFGS	GDTFSSY	0.0	0.0	0.0	1.0	0.0	0.0	0.0	1.0	0.0	0.0	0.0	0.0	0.0	1.0	0.0	2.0	1.0	0.0	1.0	0.0	0.0	0.0	0.0	0.0	0.0	0.0	0.0	1.0	0.0	1.0	0.0	0.0	0.0	1.0	1.0	1.0	1.0	0.0	0.0	0.0	0.0	1.0	0.0	1.0	0.0	0.0	1.0	4.0	1.0	0.0	1.0	0.0	0.0	0.0	0.0	1.0	0.0	1.0	2.0	1.0	-0.6714285714285715	-0.1428571428571428	8.628571428571428	110.82428571428572	0.6333333333333333	0.0	7.533333333333334	103.45	-0.9	0.0	8.571428571428571	117.835	7	6	14	7	6	14
6lxi	C	DLQDTPMVDRIIGSYYYYNGLDV	IPVYGT	GGPFSSY	0.0	0.0	0.0	0.0	0.0	0.0	0.0	2.0	0.0	0.0	0.0	0.0	0.0	1.0	1.0	2.0	0.0	0.0	1.0	0.0	0.0	0.0	0.0	0.0	0.0	0.0	0.0	1.0	0.0	1.0	0.0	0.0	0.0	0.0	1.0	0.0	1.0	0.0	1.0	1.0	0.0	1.0	1.0	4.0	0.0	1.0	0.0	2.0	0.0	2.0	2.0	0.0	1.0	0.0	1.0	1.0	1.0	0.0	4.0	2.0	-0.3571428571428572	0.0	7.971428571428571	104.53428571428572	0.7833333333333333	0.0	7.1499999999999995	108.125	-0.3347826086956522	-0.1304347826086956	8.3	118.65304347826088	7	6	23	7	6	23
5w6g	H	SYVDNWHAGLHWFDS	FYSGG	GGSIKNKDF	0.0	0.0	1.0	1.0	0.0	0.0	0.0	2.0	0.0	1.0	0.0	2.0	0.0	1.0	0.0	1.0	0.0	0.0	0.0	0.0	0.0	0.0	0.0	0.0	0.0	0.0	0.0	2.0	0.0	0.0	0.0	0.0	0.0	1.0	0.0	1.0	0.0	0.0	1.0	0.0	1.0	0.0	1.0	2.0	0.0	0.0	0.0	1.0	2.0	0.0	1.0	0.0	0.0	1.0	0.0	2.0	0.0	2.0	1.0	1.0	-1.011111111111111	0.1111111111111111	9.422222222222222	109.23111111111112	-0.02	0.0	7.720000000000001	109.508	-0.6266666666666667	0.0	8.46	122.26333333333334	9	5	15	9	5	15
